Image Filename,Hashtag,Score,Hashtag_en
fall_01.png,헬스,5,gym
fall_01.png,운동기록,4,workout_record
fall_01.png,오운완,4,workout_complete
fall_01.png,헬린이,3,gym_beginner
fall_01.png,청주,2,Cheongju
fall_01.png,가을,3,autumn
fall_01.png,바람막이,5,windbreaker
fall_02.png,#당진여행,5,#Dangjin_travel
fall_02.png,#소니이미지갤러리,4,#Sony_image_gallery
fall_02.png,#a7r4,4,#a7r4
fall_02.png,#1635gm,4,#1635gm
fall_02.png,#삽교호,5,#Sapgyo_lake
fall_02.png,#삽교호놀이동산,5,#Sapgyo_lake_amusement
fall_02.png,#가을,5,#autumn
fall_02.png,#visitkorea,4,#visitkorea
fall_02.png,#koreatravel,4,#koreatravel
fall_02.png,#voyage,3,#voyage
fall_02.png,#voyaged,3,#voyaged
fall_02.png,#landscape,5,#landscape
fall_02.png,#맑은하늘아래,5,#under_clear_sky
fall_02.png,#소니,4,#Sony
fall_03.png,#GAEUL,1,#GAEUL
fall_03.png,#가을,1,#autumn
fall_03.png,#KIMGAEUL,1,#KIMGAEUL
fall_03.png,#김가을,1,#Kim_Gaeul
fall_03.png,#IVE,1,#IVE
fall_03.png,#아이브,1,#IVE
fall_04.png,#가을,5,#autumn
fall_04.png,#단풍,5,#autumn_leaves
fall_04.png,#반려견,5,#companion_dog
fall_04.png,#공원,5,#park
fall_04.png,#가을여행,4,#autumn_travel
fall_05.png,흐려도좋아,4,cloudy_is_fine
fall_05.png,어째도좋아,3,either_way_is_fine
fall_05.png,가을,5,autumn
fall_05.png,도토리자매,2,acorn_sisters
fall_06.png,#EVENT,5,#EVENT
fall_07.png,#IVE,5,#IVE
fall_07.png,#아이브,5,#IVE
fall_07.png,#DIVE,4,#DIVE
fall_07.png,#다이브,4,#dive
fall_07.png,#安宥真,5,An You Zhen 
fall_07.png,#安俞真,5,An Yu Zhen 
fall_07.png,#安兪真,5,An Yu Zhen 
fall_07.png,#안유진,5,#Ahn_Yujin
fall_07.png,#안유진,5,#Ahn_Yujin
fall_07.png,#ANYUJIN,5,#ANYUJIN
fall_07.png,#YUJIN,5,#YUJIN
fall_07.png,#ユジン,5,yushin
fall_07.png,#アンユジン,5,anyushin
fall_07.png,#gaeul,3,#gaeul
fall_07.png,#rei,3,#rei
fall_07.png,#jangwonyoung,3,#jangwonyoung
fall_07.png,#liz,3,#liz
fall_07.png,#leeseo,3,#leeseo
fall_07.png,#가을,3,#autumn
fall_07.png,#레이,3,#Rei
fall_07.png,#원영,3,#Wonyoung
fall_07.png,#리즈,3,#Leeds
fall_07.png,#이서,3,#Yiseo
fall_07.png,#金秋天,2,Jin Qiu Tian 
fall_07.png,#直井怜,2,Zhi Jing Lian 
fall_07.png,#張員瑛,2,Zhang Yuan Ying 
fall_07.png,#金志垣,2,Jin Zhi Yuan 
fall_07.png,#李賢瑞,2,Li Xian Rui 
fall_07.png,#izone,2,#izone
fall_07.png,#izoneyujin,2,#izoneyujin
fall_08.png,#IVE,5,#IVE
fall_08.png,#아이브,5,#IVE
fall_08.png,#GAEUL,5,#GAEUL
fall_08.png,#가을,5,#autumn
fall_09.png,#가을네일,4,#autumn_nail
fall_09.png,#이달의아트,5,#art_of_the_month
fall_09.png,#하트네일,5,#heart_nail
fall_09.png,#리본네일,5,#ribbon_nail
fall_09.png,#바바라뷰티,4,#Barbara_beauty
fall_10.png,#GAEUL,5,#GAEUL
fall_10.png,#가을,4,#autumn
fall_10.png,#KIMGAEUL,5,#KIMGAEUL
fall_10.png,#김가을,5,#Kim_Gaeul
fall_10.png,#IVE,3,#IVE
fall_10.png,#아이브,3,#IVE
fall_11.png,#가을,5,#autumn
fall_11.png,#날씨변화,5,#weather_change
fall_11.png,#여름끝,5,#end_of_summer
fall_11.png,#패션,4,#fashion
fall_11.png,#일상,4,#daily_life
fall_12.png,#웹툰,5,#webtoon
fall_12.png,#일상,4,#daily_life
fall_12.png,#일상툰,5,#daily_webtoon
fall_12.png,#로마,2,#Rome
fall_12.png,#이탈리아,2,#Italy
fall_12.png,#유럽여행,3,#Europe_travel
fall_12.png,#여행,3,#travel
fall_12.png,#여름,1,#summer
fall_12.png,#가을,1,#autumn
fall_12.png,#그림,4,#drawing
fall_12.png,#만화,5,#comics
fall_12.png,#공감,4,#empathy
fall_12.png,#공감툰,5,#relatable_webtoon
fall_12.png,#여행스타그램,2,#travel_stagram
fall_12.png,#이탈리아여행,2,#Italy_travel
fall_12.png,#웃긴짤,3,#funny_meme
fall_13.png,#IVE,5,#IVE
fall_13.png,#아이브,5,#IVE
fall_13.png,#DIVE,4,#DIVE
fall_13.png,#다이브,4,#dive
fall_13.png,#安宥真,5,An You Zhen 
fall_13.png,#安俞真,5,An Yu Zhen 
fall_13.png,#安兪真,5,An Yu Zhen 
fall_13.png,#안유진,5,#Ahn_Yujin
fall_13.png,#안유진,5,#Ahn_Yujin
fall_13.png,#ANYUJIN,5,#ANYUJIN
fall_13.png,#YUJIN,5,#YUJIN
fall_13.png,#ユジン,5,yushin
fall_13.png,#アンユジン,5,anyushin
fall_13.png,#gaeul,2,#gaeul
fall_13.png,#rei,2,#rei
fall_13.png,#jangwonyoung,2,#jangwonyoung
fall_13.png,#liz,2,#liz
fall_13.png,#leeseo,2,#leeseo
fall_13.png,#가을,2,#autumn
fall_13.png,#레이,2,#Rei
fall_13.png,#원영,2,#Wonyoung
fall_13.png,#리즈,2,#Leeds
fall_13.png,#이서,2,#Yiseo
fall_13.png,#金秋天,1,Jin Qiu Tian 
fall_13.png,#直井怜,1,Zhi Jing Lian 
fall_13.png,#張員瑛,1,Zhang Yuan Ying 
fall_13.png,#金志垣,1,Jin Zhi Yuan 
fall_13.png,#李賢瑞,1,Li Xian Rui 
fall_13.png,#izone,3,#izone
fall_13.png,#izoneyujin,3,#izoneyujin
fall_14.png,#아이브,5,#IVE
fall_14.png,#리즈,5,#Leeds
fall_14.png,#아이브리즈,5,#Ibreeze
fall_14.png,#ive,5,#ive
fall_14.png,#liz,5,#liz
fall_14.png,#iveliz,5,#iveliz
fall_14.png,#starshipentertainment,4,#starshipentertainment
fall_14.png,#스타쉽,4,#Starship
fall_14.png,#유진,2,#Yujin
fall_14.png,#가을,1,#autumn
fall_14.png,#레이,2,#Rei
fall_14.png,#원영,2,#Wonyoung
fall_14.png,#이서,2,#Yiseo
fall_14.png,#iveanyujin,2,#iveanyujin
fall_14.png,#ivewonyoung,2,#ivewonyoung
fall_14.png,#ivegaeul,2,#ivegaeul
fall_14.png,#iverei,2,#iverei
fall_14.png,#iveleeseo,2,#iveleeseo
fall_14.png,#dive,3,#dive
fall_15.png,#날씨,5,#weather
fall_15.png,#기상청,4,#weather_service
fall_15.png,#날씨예보,4,#weather_forecast
fall_15.png,#가을,3,#autumn
fall_15.png,#초가을,3,#early_autumn
fall_15.png,#여름,3,#summer
fall_15.png,#계절,4,#season
fall_15.png,#간절기,4,#transitional_season
fall_15.png,#위키트리,2,#WikiTree
fall_15.png,#WIKITREE,2,#WIKITREE
fall_16.png,#가을,3,#autumn
fall_16.png,#파스텔,5,#pastel
fall_16.png,#펜슬로그려보는,5,#drawn_with_pencil
fall_16.png,#까렌다쉬,5,#Caran_dAche
fall_16.png,#크리에이티브아티스트,4,#creative_artist
fall_16.png,#파스텔화,5,#pastel_painting
fall_16.png,#하늘그리기,4,#sky_drawing
fall_16.png,#mixedmedia,2,#mixedmedia
fall_16.png,#sunset,5,#sunset
fall_17.png,#체험단모집,5,#reviewer_recruitment
fall_17.png,#이벤트,5,#event
fall_17.png,#연기잡는그릴,5,#smoke_free_grill
fall_17.png,#테팔스모크리스그릴,5,#Tefal_smokeless_grill
fall_17.png,#테팔,5,#Tefal
fall_17.png,#Tefal,5,#Tefal
fall_17.png,#매일이즐거워지는습관,3,#daily_happy_habit
fall_17.png,#테팔그릴,5,#Tefal_grill
fall_17.png,#스모크리스그릴,5,#smokeless_grill
fall_18.png,#leafart,5,#leafart
fall_18.png,#artinjapan,5,#artinjapan
fall_18.png,#catart,4,#catart
fall_18.png,#autumn,3,#autumn
fall_18.png,#imagination,4,#imagination
fall_19.png,#경복궁,5,#Gyeongbokgung
fall_19.png,#가을산책,4,#autumn_walk
fall_19.png,#한복,5,#hanbok
fall_19.png,#서울,5,#Seoul
fall_19.png,#한국문화,4,#Korean_culture
fall_20.png,#MBTI,5,#MBTI
fall_20.png,#간식,5,#snack
fall_20.png,#한국음식,4,#Korean_food
fall_20.png,#유머,4,#humor
fall_20.png,#문화,3,#culture
fall_21.png,가을,5,autumn
fall_21.png,춥다,5,cold_weather
fall_21.png,인스타툰,5,instatoon
fall_21.png,인스타만화,5,Instagram_comics
fall_21.png,일상,4,daily_life
fall_21.png,일상툰,4,daily_webtoon
fall_21.png,공감,5,empathy
fall_21.png,공감툰,5,relatable_webtoon
fall_21.png,개그툰,4,comedy_webtoon
fall_21.png,drawing,3,drawing
fall_21.png,웹툰,5,webtoon
fall_21.png,webtoon,5,webtoon
fall_21.png,만화,5,comics
fall_21.png,일러스트,4,illustration
fall_21.png,illust,4,illust
fall_21.png,유머,4,humor
fall_22.png,#거창,5,#Geochang
fall_22.png,#거창감악산,5,#Geochang_Gamaksan
fall_22.png,#감악산,5,#Gamaksan
fall_22.png,#감악산아스타국화,5,#Gamaksan_aster
fall_22.png,#아스타국화,5,#aster_flower
fall_22.png,#거창가볼만한곳,4,#Geochang_attractions
fall_22.png,#감악산풍력발전소,2,#Gamaksan_wind_farm
fall_22.png,#거창여행,5,#Geochang_travel
fall_22.png,#경남,4,#Gyeongnam
fall_22.png,#핫플,4,#hotspot
fall_22.png,#가을,5,#autumn
fall_22.png,#가을축제,5,#autumn_festival
fall_22.png,#가을여행지,5,#autumn_destination
fall_22.png,#여행지추천,5,#travel_destination
fall_22.png,#photo,3,#photo
fall_22.png,#travel,5,#travel
fall_22.png,#trip,5,#trip
fall_22.png,#love,2,#love
fall_22.png,#동화속,4,#in_a_fairy_tale
fall_22.png,#풍경,5,#scenery
fall_22.png,#꽃놀이,5,#flower_viewing
fall_23.png,#거제,5,#Geoje
fall_23.png,#거제도,5,#Geoje_island
fall_23.png,#망산,5,#Mangsan
fall_23.png,#망산일출,5,#Mangsan_sunrise
fall_23.png,#수국,3,#hydrangea
domesticTravel_01.png,#제주,5,#Jeju
domesticTravel_01.png,#숙박권,5,#accommodation_voucher
domesticTravel_01.png,#자연,5,#nature
domesticTravel_01.png,#휴식,5,#rest
domesticTravel_01.png,#이벤트,5,#event
domesticTravel_02.png,#캠핑,5,#camping
domesticTravel_02.png,#자연,5,#nature
domesticTravel_02.png,#여행,4,#travel
domesticTravel_02.png,#프라이빗한공간,5,#private_space
domesticTravel_02.png,#모험,4,#adventure
domesticTravel_03.png,#산미작가,3,#sour_author
domesticTravel_03.png,#여행하는산미,4,#traveling_Sanmi
domesticTravel_03.png,#여행스타그램,5,#travel_stagram
domesticTravel_03.png,#등산스타그램,4,#hiking_stagram
domesticTravel_03.png,#국내여행,5,#domestic_travel
domesticTravel_03.png,#영주,5,#Yeongju
domesticTravel_03.png,#소백산국립공원,4,#Sobaeksan_national_park
domesticTravel_03.png,#부석사,4,#Buseoksa
domesticTravel_03.png,#무량수전,3,#Muryangsujeon
domesticTravel_03.png,#유네스코세계문화유산,4,#UNESCO_world_heritage
domesticTravel_03.png,#국립산림치유원,3,#national_forest_healing
domesticTravel_03.png,#등산하는여자,3,#hiking_woman
domesticTravel_03.png,#운동하는여자,2,#workout_woman
domesticTravel_03.png,#여행지추천,5,#travel_destination
domesticTravel_03.png,#희방폭포,2,#Hibang_waterfall
domesticTravel_04.png,양주여행,5,Yangju_travel
domesticTravel_04.png,양주가볼만한곳,5,Yangju_attractions
domesticTravel_04.png,나리공원,5,Nari_park
domesticTravel_04.png,천일홍축제,4,globe_amaranth_festival
domesticTravel_04.png,경기도가볼만한곳,5,Gyeonggi_attractions
domesticTravel_04.png,국내여행,5,domestic_travel
domesticTravel_04.png,대한민국구석구석,4,Korea_every_corner
domesticTravel_04.png,가을여행,3,autumn_travel
domesticTravel_04.png,주말여행지,5,weekend_destination
domesticTravel_04.png,팜파스,2,pampas
domesticTravel_04.png,버베나,2,verbena
domesticTravel_04.png,천일홍,5,globe_amaranth
domesticTravel_04.png,코키아,2,kochia
domesticTravel_04.png,여행에미치다,4,travel_crazy
domesticTravel_04.png,9월여행지,4,September_travel_destination
domesticTravel_04.png,가을여행,3,autumn_travel
domesticTravel_04.png,서울근교여행,5,Seoul_nearby_travel
domesticTravel_04.png,서울근교나들이,5,Seoul_nearby_outing
domesticTravel_04.png,동화 속풍경,4,fairy_tale_scenery
domesticTravel_04.png,풍경스타그램,5,scenery_stagram
domesticTravel_05.png,#바보갬성,4,#silly_vibes
domesticTravel_05.png,#불갑저수지,5,#Bulgap_reservoir
domesticTravel_05.png,#가을,5,#autumn
domesticTravel_05.png,#여름에서가을로,4,#summer_to_autumn
domesticTravel_05.png,#날씨,3,#weather
domesticTravel_06.png,#군산여행,5,#Gunsan_travel
domesticTravel_06.png,#옥녀교차로,2,#Oknyeo_intersection
domesticTravel_06.png,#몽돌해변,5,#pebble_beach
domesticTravel_06.png,#선유스카이썬라인,1,#Seonyu_sky_sunline
domesticTravel_06.png,#야미도,3,#Yamido
domesticTravel_07.png,노픽그램,3,no_filter_gram
domesticTravel_08.png,#가을여행,5,#autumn_travel
domesticTravel_08.png,#익산,4,#Iksan
domesticTravel_08.png,#단풍,5,#autumn_leaves
domesticTravel_08.png,#여행코스,3,#travel_course
domesticTravel_08.png,#포토스팟,4,#photo_spot
domesticTravel_09.png,#수영장,5,#swimming_pool
domesticTravel_09.png,#여름,5,#summer
domesticTravel_09.png,#휴가,4,#vacation
domesticTravel_09.png,#감성,4,#sensibility
domesticTravel_09.png,#여행,3,#travel
domesticTravel_10.png,#문경가볼만한곳,5,#Mungyeong_attractions
domesticTravel_10.png,#개미취,5,#aster
domesticTravel_10.png,#가을축제,4,#autumn_festival
domesticTravel_10.png,#문경핫플,5,#Mungyeong_hotspot
domesticTravel_10.png,#국내여행,4,#domestic_travel
domesticTravel_10.png,#대한민국구석구석,3,#Korea_every_corner
domesticTravel_10.png,#대구근교여행지,4,#Daegu_nearby_travel
domesticTravel_10.png,#문경여행,5,#Mungyeong_travel
domesticTravel_10.png,#여행에미치다,4,#travel_crazy
domesticTravel_10.png,#캐논이미지스토밍,3,#Canon_image_storming
domesticTravel_11.png,소니이미지갤러리,3,Sony_image_gallery
domesticTravel_11.png,메타세콰이어길,5,metasequoia_road
domesticTravel_11.png,진안,4,Jinan
domesticTravel_11.png,모래재,2,Moraejai
domesticTravel_11.png,아침,4,morning
domesticTravel_11.png,국내여행,5,domestic_travel
domesticTravel_11.png,대한민국구석구석,4,Korea_every_corner
domesticTravel_11.png,landscape,5,landscape
domesticTravel_11.png,metasequoia,5,metasequoia
domesticTravel_11.png,travelkorea,5,travelkorea
domesticTravel_12.png,#얼그레이복숭아,5,#Earl_Grey_peach
domesticTravel_12.png,#찐빵,5,#steamed_bun
domesticTravel_12.png,#디저트,4,#dessert
domesticTravel_12.png,#카페,4,#cafe
domesticTravel_12.png,#과일,5,#fruit
domesticTravel_13.png,#거북이한옥,5,#turtle_hanok
domesticTravel_13.png,#공구중,4,#group_buy
domesticTravel_13.png,#전통한복,5,#traditional_hanbok
domesticTravel_13.png,#가족여행,4,#family_trip
domesticTravel_13.png,#보령,3,#Boryeong
domesticTravel_14.png,반야사,5,Banyasa
domesticTravel_14.png,충남여행,5,South_Chungcheong_travel
domesticTravel_14.png,인생사진,5,life_photo
domesticTravel_14.png,국내여행,5,domestic_travel
domesticTravel_14.png,여행스타그램,5,travel_stagram
domesticTravel_14.png,사진스타그램,5,photo_stagram
domesticTravel_14.png,국내여행지추천,5,domestic_travel_recommendation
domesticTravel_14.png,논산여행,5,Nonsan_travel
domesticTravel_14.png,논산가볼만한곳,5,Nonsan_attractions
domesticTravel_14.png,논산맛집,2,Nonsan_restaurant
domesticTravel_14.png,동굴사진,4,cave_photo
domesticTravel_14.png,국내동굴,3,domestic_cave
domesticTravel_15.png,가을캠핑,5,autumn_camping
domesticTravel_15.png,부부캠퍼,3,couple_camper
domesticTravel_15.png,캠핑,5,camping
domesticTravel_15.png,캠핑스타그램,4,camping_stagram
domesticTravel_16.png,visitkorea_travel,5,visitkorea_travel
domesticTravel_16.png,koreabyme,5,koreabyme
domesticTravel_16.png,대한민국구석구석,5,Korea_every_corner
domesticTravel_16.png,드론매빅,2,drone_Mavic
domesticTravel_16.png,국내여행,5,domestic_travel
domesticTravel_16.png,감성사진,5,aesthetic_photo
domesticTravel_16.png,풍경스타그램,5,scenery_stagram
domesticTravel_16.png,데일리그램,3,daily_gram
domesticTravel_16.png,바다,1,sea
domesticTravel_16.png,니콘,3,Nikon
domesticTravel_16.png,쏘피투어🚙,2,Sophie_tour
domesticTravel_16.png,ig_today,4,ig_today
domesticTravel_16.png,nikonz8📸,3,nikonz8
domesticTravel_16.png,ig_good,4,ig_good
domesticTravel_16.png,꽃무릇🌺가을,5,red_spider_lily_autumn
domesticTravel_17.png,양주,5,Yangju
domesticTravel_17.png,양주나리공원,5,Yangju_Nari_park
domesticTravel_17.png,천일홍,5,globe_amaranth
domesticTravel_18.png,#치앙마이,5,#Chiang_Mai
domesticTravel_18.png,#카페,5,#cafe
domesticTravel_18.png,#자연,4,#nature
domesticTravel_18.png,#힐링,5,#healing
domesticTravel_18.png,#여행,4,#travel
domesticTravel_19.png,#클래식호텔,4,#classic_hotel
domesticTravel_19.png,#여행,5,#travel
domesticTravel_19.png,#아늑한공간,5,#cozy_space
domesticTravel_19.png,#호텔방,5,#hotel_room
domesticTravel_19.png,#뷰,3,#view
domesticTravel_20.png,노픽그램,3,no_filter_gram
domesticTravel_21.png,#산미작가,3,#sour_author
domesticTravel_21.png,#여행하는산미,4,#traveling_Sanmi
domesticTravel_21.png,#제작지원,2,#production_support
domesticTravel_21.png,#영주시,5,#Yeongju_city
domesticTravel_21.png,#소백산국립공원,5,#Sobaeksan_national_park
domesticTravel_21.png,#여행스타그램,5,#travel_stagram
domesticTravel_21.png,#대한민국구석구석,4,#Korea_every_corner
domesticTravel_21.png,#국내여행,5,#domestic_travel
domesticTravel_21.png,#경북가볼만한곳,5,#Gyeongbuk_attractions
domesticTravel_21.png,#영주가볼만한곳,5,#Yeongju_attractions
domesticTravel_21.png,#소백산생태탐방원,4,#Sobaeksan_eco_center
domesticTravel_21.png,#희방폭포,5,#Hibang_waterfall
domesticTravel_21.png,#영주호오토캠핑장,2,#Yeongju_lake_autocamping
domesticTravel_21.png,#산스타그램,5,#mountain_stagram
domesticTravel_21.png,#등산스타그램,4,#hiking_stagram
zerokal_01.png,#제로아이스크림,5,#zero_ice_cream
zerokal_01.png,#제로칼로리,5,#zero_calorie
zerokal_01.png,#제로간식,4,#zero_sugar_snack
zerokal_01.png,#아이스크림추천,5,#ice_cream_recommendation
zerokal_02.png,빅뽀로로제로,5,big_Pororo_zero
zerokal_02.png,뽀로로음료,5,Pororo_drink
zerokal_02.png,뽀로로음료수,5,Pororo_beverage
zerokal_02.png,어른이음료,4,adult_drink
zerokal_02.png,제로슈가,4,zero_sugar
zerokal_02.png,제로칼로리,4,zero_calorie
zerokal_03.png,#아이스크림,5,#ice_cream
zerokal_03.png,#제로아이스크림,4,#zero_ice_cream
zerokal_03.png,#제로칼로리,3,#zero_calorie
zerokal_03.png,#제로간식,3,#zero_sugar_snack
zerokal_04.png,협찬,5,sponsored
zerokal_04.png,홈트완,4,home_workout_complete
zerokal_04.png,딜리워터,5,DiliWater
zerokal_04.png,제로칼로리음료,5,zero_calorie_drink
zerokal_04.png,에너지충전,3,energy_charge
zerokal_04.png,수분충전,5,moisture_charge
zerokal_04.png,다이어트식단,4,diet_meal
zerokal_04.png,다이어터,4,dieter
zerokal_04.png,유지어터,3,maintaining_diet
zerokal_04.png,식단기록,3,diet_record
zerokal_04.png,식단일기,3,diet_diary
zerokal_04.png,다이어트그램,4,diet_stagram
zerokal_04.png,식단관리,3,diet_management
zerokal_04.png,체중관리,3,weight_management
zerokal_04.png,건강식단,4,healthy_diet
zerokal_04.png,다시어트,3,diet
zerokal_04.png,제로탄산,4,zero_carbonated
zerokal_04.png,제로칼로리,5,zero_calorie
zerokal_04.png,비타민워터,4,vitamin_water
zerokal_04.png,홈카페,2,home_cafe
zerokal_04.png,물마시는습관,5,water_drinking_habit
zerokal_04.png,마시는습관,5,drinking_habit
zerokal_04.png,워터루틴,4,water_routine
zerokal_04.png,제품제공,5,product_provided
zerokal_05.png,광고포함,2,includes_ad
zerokal_05.png,유머,5,humor
zerokal_05.png,유머스타그램,5,humor_stagram
zerokal_05.png,제로콜라,4,zero_cola
zerokal_05.png,제로음료,4,zero_drink
zerokal_05.png,제로칼로리,3,zero_calorie
zerokal_05.png,직장인,2,office_worker
zerokal_05.png,대학생,2,college_student
zerokal_05.png,웃긴짤,5,funny_meme
zerokal_05.png,웃짤,5,funny_image
zerokal_06.png,셀시어스,5,Celsius
zerokal_06.png,celsius,5,celsius
zerokal_06.png,코스트코,4,Costco
zerokal_06.png,에너지드링크,5,energy_drink
zerokal_06.png,제로칼로리,3,zero_calorie
zerokal_06.png,코스트코에너지드링크,4,Costco_energy_drink
zerokal_06.png,코스트코추천템,3,Costco_recommended_item
zerokal_06.png,코스트코다이어트,2,Costco_diet
zerokal_06.png,코스트코입점,3,Costco_listing
zerokal_06.png,코스트코추천,3,Costco_recommendation
zerokal_06.png,코스트코음료,4,Costco_drink
zerokal_06.png,헬스드링크,5,health_drink
zerokal_06.png,에너지부스팅,5,energy_boosting
zerokal_06.png,천연카페인,4,natural_caffeine
zerokal_06.png,무설탕,3,sugar_free
zerokal_06.png,다이어트음료,3,diet_drink
zerokal_06.png,헬스,5,gym
zerokal_07.png,협찬,5,sponsored
zerokal_07.png,깜짝EVENT,5,surprise_event
zerokal_07.png,맛있는건 나눠먹어야죠⁉️,4,food_is_for_sharing
zerokal_07.png,산타는쫑,2,Santa_is_done
zerokal_07.png,링티제로,5,Lingtea_zero
zerokal_07.png,팔로워이벤트,5,follower_event
zerokal_07.png,EVENT,5,EVENT
zerokal_07.png,게릴라이벤트,5,guerrilla_event
zerokal_08.png,광고,5,advertisement
zerokal_08.png,풀무원샘물,5,Pulmuone_water
zerokal_08.png,탄산이 땡길 땐?,4,when_craving_carbonation
zerokal_08.png,브리지톡,5,bridge_talk
zerokal_08.png,진저에일제로,4,ginger_ale_zero
zerokal_08.png,레몬토닉제로,4,lemon_tonic_zero
zerokal_08.png,탄산음료,5,carbonated_drink
zerokal_08.png,탄산음료추천,4,carbonated_drink_recommendation
zerokal_08.png,제로칼로리,5,zero_calorie
zerokal_08.png,홈카페,3,home_cafe
zerokal_08.png,홈카페레시피,2,home_cafe_recipe
zerokal_08.png,홈술,2,drinking_at_home
zerokal_08.png,홈술레시피,2,home_drink_recipe
zerokal_08.png,하이볼,3,highball
zerokal_08.png,소토닉,2,so_tonic
zerokal_08.png,비어볼,2,beer_ball
zerokal_08.png,푸드페어링,2,food_pairing
zerokal_08.png,스파클링워터,5,sparkling_water
zerokal_09.png,#식단,5,#diet_meal
zerokal_09.png,#제품제공,4,#product_provided
zerokal_09.png,#딜리워터,5,#DiliWater
zerokal_10.png,국가지점번호,5,national_grid_number
zerokal_10.png,광고,4,advertisement
zerokal_10.png,등산,5,hiking
zerokal_11.png,#링티제로,5,#Lingtea_zero
zerokal_11.png,#제로에서시작해도돼,4,#okay_to_start_from_zero
zerokal_11.png,#오늘도제로해,4,#zero_today
zerokal_11.png,#제로칼로리,5,#zero_calorie
zerokal_11.png,#복숭아,3,#peach
zerokal_11.png,#레몬라임,3,#lemon_lime
zerokal_11.png,#비타민,4,#vitamin
zerokal_11.png,#미네랄,4,#mineral
zerokal_11.png,#무설탕,5,#sugar_free
zerokal_12.png,제로음료,5,zero_drink
zerokal_12.png,음료추천,4,drink_recommendation
zerokal_12.png,제로슈거,5,zero_sugar
zerokal_12.png,제로칼로리,5,zero_calorie
zerokal_12.png,0칼로리,5,zero_calorie
zerokal_13.png,광고포함,2,includes_ad
zerokal_13.png,유머,5,humor
zerokal_13.png,유머스타그램,5,humor_stagram
zerokal_13.png,제로콜라,4,zero_cola
zerokal_13.png,제로음료,4,zero_drink
zerokal_13.png,제로칼로리,3,zero_calorie
zerokal_13.png,직장인,2,office_worker
zerokal_13.png,대학생,2,college_student
zerokal_13.png,웃긴짤,5,funny_meme
zerokal_13.png,웃짤,5,funny_image
zerokal_14.png,암바사제로,5,Ambasa_zero
zerokal_14.png,신상음료,5,new_drink
zerokal_14.png,암바사,5,Ambasa
zerokal_14.png,신상스타그램,4,new_arrivals_stagram
zerokal_14.png,신제품,5,new_product
zerokal_14.png,신상,4,new_arrivals
zerokal_14.png,신제품,5,new_product
zerokal_15.png,협찬,5,sponsored
zerokal_15.png,광고,5,advertisement
zerokal_15.png,닥터워터당밸런스,5,Doctor_Water_sugar_balance
zerokal_15.png,닥터워터,5,Doctor_Water
zerokal_15.png,당밸런스,5,sugar_balance
zerokal_15.png,바나바잎추출물,4,banaba_leaf_extract
zerokal_15.png,코로솔산,2,Corosal_mountain
zerokal_15.png,바나바잎,4,banaba_leaf
zerokal_15.png,바나바잎차,2,banaba_leaf_tea
zerokal_15.png,제로칼로리,5,zero_calorie
zerokal_15.png,0kcal,5,0kcal
zerokal_15.png,제로음료,5,zero_drink
zerokal_15.png,부모님선물,3,parents_gift
zerokal_15.png,선물추천,3,gift_recommendation
zerokal_16.png,#다이어트소스,5,#diet_sauce
zerokal_16.png,#저칼로리,4,#low_calorie
zerokal_16.png,#헬시푸드,4,#healthy_food
zerokal_16.png,#소스추천,5,#sauce_recommendation
zerokal_16.png,#다이어트식단,3,#diet_meal
zerokal_17.png,광고포함,2,includes_ad
zerokal_17.png,유머,5,humor
zerokal_17.png,유머스타그램,5,humor_stagram
zerokal_17.png,제로콜라,4,zero_cola
zerokal_17.png,제로음료,4,zero_drink
zerokal_17.png,제로칼로리,3,zero_calorie
zerokal_17.png,직장인,2,office_worker
zerokal_17.png,대학생,2,college_student
zerokal_17.png,웃긴짤,5,funny_meme
zerokal_17.png,웃짤,5,funny_image
zerokal_18.png,#제로탕후루,5,#zero_tanghuru
zerokal_18.png,#무설탕탕후루,5,#sugar_free_tanghuru
zerokal_18.png,#탕후루,5,#tanghuru
zerokal_18.png,#웃짤,2,#funny_image
zerokal_18.png,#유머,2,#humor
zerokal_18.png,#귀여운짤,4,#cute_meme
zerokal_18.png,#탕후루레시피,3,#tanghuru_recipe
zerokal_18.png,#제로칼로리,4,#zero_calorie
zerokal_19.png,셀시어스,5,Celsius
zerokal_19.png,celsius,5,celsius
zerokal_19.png,코스트코,4,Costco
zerokal_19.png,에너지드링크,5,energy_drink
zerokal_19.png,제로칼로리,4,zero_calorie
zerokal_19.png,코스트코에너지드링크,4,Costco_energy_drink
zerokal_19.png,코스트코추천템,3,Costco_recommended_item
zerokal_19.png,코스트코다이어트,2,Costco_diet
zerokal_19.png,헬스드링크,5,health_drink
zerokal_19.png,에너지부스팅,5,energy_boosting
zerokal_19.png,천연카페인,4,natural_caffeine
zerokal_19.png,타우린1000,2,taurine_1000
fashion_01.png,#철권8,5,#Tekken8
fashion_01.png,#젠틀몬스터,5,#Gentle_Monster
fashion_02.png,#seungwanstyle_marni,5,#seungwanstyle_marni
fashion_02.png,#seungwanstyle_mskn2nd,5,#seungwanstyle_mskn2nd
fashion_02.png,#seungwanstyle_crank,5,#seungwanstyle_crank
fashion_02.png,#seungwanstyle_joygryson,5,#seungwanstyle_joygryson
fashion_02.png,#seungwanstyle_youngstreet,4,#seungwanstyle_youngstreet
fashion_02.png,#웬디,5,#Wendy
fashion_02.png,#손승완,5,#Son_Seungwan
fashion_02.png,#승완,5,#Seungwan
fashion_02.png,#레드벨벳,5,#Red_Velvet
fashion_02.png,#레드벨벳웬디,5,#Red_Velvet_Wendy
fashion_02.png,#웬디패션,5,#Wendy_fashion
fashion_02.png,#fashion,4,#fashion
fashion_02.png,#패션,4,#fashion
fashion_02.png,#marni,5,#marni
fashion_02.png,#mskn2nd,5,#mskn2nd
fashion_02.png,#crank,5,#crank
fashion_02.png,#joygryson,5,#joygryson
fashion_03.png,#미나페르호넨,5,#mina_perhonen
fashion_03.png,#미나가와아키라,5,#Minagawa_Akira
fashion_03.png,#마리메꼬,3,#Marimekko
fashion_03.png,#탬버린,2,#tambourine
fashion_03.png,#전시,5,#exhibition
fashion_03.png,#전시회,5,#art_exhibition
fashion_03.png,#전시추천,4,#exhibition_recommendation
fashion_03.png,#패션,4,#fashion
fashion_03.png,#패션브랜드,4,#fashion_brand
fashion_03.png,#일본브랜드,5,#Japanese_brand
fashion_03.png,#공예,3,#crafts
fashion_04.png,#셀카,5,#selfie
fashion_04.png,#노란색,4,#yellow
fashion_04.png,#여성,5,#women
fashion_04.png,#패션,4,#fashion
fashion_04.png,#자연광,3,#natural_light
fashion_05.png,보테가베네타,5,Bottega_Veneta
fashion_05.png,BottegaVeneta,5,BottegaVeneta
fashion_05.png,보테가베네타25여름컬션,4,Bottega_Veneta_25_summer_collection
fashion_05.png,BottegaVenetaSummer25,4,BottegaVenetaSummer25
fashion_06.png,プール,5,pu-ru
fashion_06.png,ハワイアンズ,4,hawaianzu
fashion_06.png,スパリゾートハワイアンズ,4,suparizo-tohawaianzu
fashion_06.png,sparesorthawaiians,4,sparesorthawaiians
fashion_06.png,水着,5,Shui Zhao 
fashion_06.png,水着女子,5,Shui Zhao Nu Zi 
fashion_06.png,kawaii,4,kawaii
fashion_06.png,アイドル,3,aidoru
fashion_06.png,idol,3,idol
fashion_06.png,偶像,3,Ou Xiang 
fashion_06.png,아이돌,3,idol
fashion_06.png,패션,4,fashion
fashion_06.png,얼스타그램,4,face_stagram
fashion_06.png,4,2,4
fashion_06.png,ootd,4,ootd
fashion_06.png,love,3,love
fashion_06.png,instagood,4,instagood
fashion_06.png,japanesegirl,5,japanesegirl
fashion_06.png,일본,5,Japan
fashion_06.png,instalike,3,instalike
fashion_06.png,followme,2,followme
fashion_06.png,팔로미,2,follow_me
fashion_06.png,おやすみぃあ,2,oyasumiia
fashion_07.png,#에스파,5,#aespa
fashion_07.png,#코스프레,4,#cosplay
fashion_07.png,#패션,5,#fashion
fashion_07.png,#액세서리,5,#accessories
fashion_07.png,#콜라보레이션,5,#collaboration
fashion_08.png,#런던,5,#London
fashion_08.png,#패션브랜드,5,#fashion_brand
fashion_08.png,#스트리트웨어,5,#streetwear
fashion_08.png,#이벤트,4,#event
fashion_08.png,#젊은이들,5,#young_people
fashion_09.png,일몰,5,sunset
fashion_09.png,캠핑,4,camping
fashion_09.png,자연,5,nature
fashion_09.png,행복,4,happiness
fashion_09.png,여행,3,travel
fashion_10.png,#가을,5,#autumn
fashion_10.png,#패션변화,5,#fashion_change
fashion_10.png,#날씨,5,#weather
fashion_10.png,#여름끝,5,#end_of_summer
fashion_10.png,#일상,4,#daily_life
fashion_11.png,오오티디,4,OOTD
fashion_11.png,ootd,4,ootd
fashion_11.png,패션 코디,5,fashion_outfit
fashion_11.png,여자코디,5,women_outfit
fashion_11.png,패션템,5,fashion_item
fashion_11.png,패션템추천,4,fashion_item_recommendation
fashion_11.png,데일리코디,5,daily_outfit
fashion_11.png,데일리룩,5,daily_look
fashion_11.png,패션팔찌,5,fashion_bracelet
fashion_11.png,팔찌추천,5,bracelet_recommendation
fashion_11.png,여자팔찌,5,women_bracelet
fashion_11.png,가을아이템,3,autumn_items
fashion_11.png,가을템,3,autumn_items
fashion_11.png,겨울템,2,winter_items
fashion_12.png,오오티디,4,OOTD
fashion_12.png,코디,4,outfit
fashion_12.png,여자코디,5,women_outfit
fashion_12.png,패션템,5,fashion_item
fashion_12.png,패션템추천,3,fashion_item_recommendation
fashion_12.png,데일리코디,4,daily_outfit
fashion_12.png,데일리룩,4,daily_look
fashion_12.png,패션,5,fashion
fashion_13.png,#마뗑킴,5,#Matin_Kim
fashion_13.png,#패션,5,#fashion
fashion_13.png,#도산,4,#Dosan
fashion_13.png,#볼캡,5,#ball_cap
fashion_13.png,#컬렉션,4,#collection
fashion_14.png,오오티디,4,OOTD
fashion_14.png,ootd,4,ootd
fashion_14.png,패션 코디,5,fashion_outfit
fashion_14.png,여자코디,5,women_outfit
fashion_14.png,패션템,5,fashion_item
fashion_14.png,패션템추천,4,fashion_item_recommendation
fashion_14.png,데일리코디,5,daily_outfit
fashion_14.png,데일리룩,5,daily_look
fashion_14.png,패션팔찌,5,fashion_bracelet
fashion_14.png,팔찌추천,5,bracelet_recommendation
fashion_14.png,여자팔찌,5,women_bracelet
fashion_14.png,가을아이템,3,autumn_items
fashion_14.png,가을템,3,autumn_items
fashion_14.png,겨울템,2,winter_items
fashion_15.png,毎日投稿,5,Mei Ri Tou Gao 
fashion_15.png,あっとほぉーむカフェ,4,atsutohoo-mukahue
fashion_15.png,メイド,5,meido
fashion_15.png,メイド服,5,meidoFu 
fashion_15.png,自撮り,5,Zi Cuo ri
fashion_15.png,みつあみアレンジ,4,mitsuamiarenzi
fashion_15.png,ツインテール,3,tsuinte-ru
fashion_15.png,秋葉原カフェ,4,Qiu Xie Yuan kahue
fashion_15.png,メイドカフェ,5,meidokahue
fashion_15.png,黒髪ロング,3,Hei Fa rongu
fashion_15.png,selfie,5,selfie
fashion_15.png,maid,5,maid
fashion_15.png,maidcafe,5,maidcafe
fashion_15.png,kawaii,5,kawaii
fashion_15.png,followｍe,2,followme
fashion_15.png,maidcostume,5,maidcostume
fashion_15.png,japanesegirl,4,japanesegirl
fashion_15.png,moemoekyun,4,moemoekyun
fashion_15.png,카페,4,kape
fashion_15.png,셀카,5,selka
fashion_15.png,셀피,5,selpi
fashion_15.png,패션,4,paesyeon
fashion_15.png,메이드,5,meideu
fashion_15.png,아키하바라,4,Akihabara
fashion_15.png,셀스타그램,5,self_stagram
fashion_15.png,메이드카페,5,maid_cafe
fashion_15.png,女仆咖啡厅,5,Nu Pu Ka Pei Ting 
fashion_15.png,女僕,5,Nu Pu 
fashion_15.png,女僕咖啡廳,5,Nu Pu Ka Pei Ting 
fashion_16.png,#monsterhigh,5,#monsterhigh
fashion_16.png,#venusmcflytrap,5,#venusmcflytrap
fashion_16.png,#punk,4,#punk
fashion_16.png,#eco,4,#eco
fashion_16.png,#plant,5,#plant
fashion_16.png,#plantmonster,5,#plantmonster
fashion_16.png,#fashionstyle,4,#fashionstyle
fashion_16.png,#패션,4,#fashion
fashion_16.png,#패션디자인,4,#fashion_design
fashion_16.png,#art,5,#art
fashion_16.png,#artwork,5,#artwork
fashion_16.png,#일러스트,5,#illustration
fashion_16.png,#fashion,4,#fashion
fashion_16.png,#fashionillustration,5,#fashionillustration
fashion_16.png,#그림,5,#drawing
fashion_16.png,#그림스타그램,4,#art_stagram
fashion_16.png,#패션일러스트,5,#fashion_illustration
fashion_16.png,#illustration,5,#illustration
fashion_16.png,#illustrationartists,4,#illustrationartists
fashion_16.png,#draw,5,#draw
fashion_16.png,#drawing,5,#drawing
fashion_17.png,可愛いデニム,5,Ke Ai idenimu
fashion_17.png,韓国ブランド,4,Han Guo burando
fashion_17.png,popup,4,popup
fashion_17.png,ファッション,5,huatsushiyon
fashion_17.png,スタイル,5,sutairu
fashion_18.png,fashion,5,fashion
fashion_18.png,fudge,3,fudge
fashion_18.png,cluel,3,cluel
fashion_18.png,code,4,code
fashion_18.png,outfit,5,outfit
fashion_18.png,ootd,5,ootd
fashion_18.png,wear,4,wear
fashion_18.png,codenate,3,codenate
fashion_18.png,今日のコーデ,5,Jin Ri noko-de
fashion_18.png,오오티디,5,OOTD
fashion_18.png,데일리룩,4,daily_look
fashion_18.png,패션,5,fashion
fashion_18.png,fudge部,3,fudgeBu 
fashion_18.png,クルーエル女子,3,kuru-eruNu Zi 
fashion_18.png,troisiemechaco,4,troisiemechaco
fashion_18.png,pippichic,4,pippichic
fashion_18.png,オケージョン,5,oke-ziyon
fashion_18.png,オケージョンコーデ,5,oke-ziyonko-de
fashion_19.png,#백수,5,#unemployed
fashion_19.png,#가정,4,#home
fashion_19.png,#휴식,5,#rest
fashion_19.png,#명절,3,#holiday
fashion_19.png,#웃음,4,#laughter
fashion_20.png,#태하,5,#Taeha
fashion_20.png,#일상,4,#daily_life
fashion_20.png,#유튜브,3,#YouTube
fashion_20.png,#아기,5,#baby
fashion_20.png,#패션,4,#fashion
fashion_21.png,#東京女子流,4,Dong Jing Nu Zi Liu 
fashion_21.png,#新井ひとみ,2,Xin Jing hitomi
fashion_21.png,#ヘアー,5,hea-
fashion_21.png,#メイク,4,meiku
fashion_21.png,#ファッション,4,huatsushiyon
fashion_21.png,#天狗,1,Tian Gou 
fashion_21.png,#原宿,3,Yuan Su 
fashion_21.png,#hair,5,#hair
fashion_21.png,#makeup,4,#makeup
fashion_21.png,#fashion,4,#fashion
fashion_21.png,#셀카,5,#selfie
fashion_21.png,#패션,4,#fashion
fashion_21.png,#메이크,4,#make
fashion_22.png,#韓国アイドル,5,Han Guo aidoru
fashion_22.png,#アイドル体験,5,aidoruTi Yan 
fashion_22.png,#ファッション,4,huatsushiyon
fashion_22.png,#スタジオ,4,sutazio
fashion_22.png,#コスプレ,3,kosupure
ai_01.png,아이웨이웨이,5,Ai_Weiwei
ai_01.png,AI,5,AI
ai_01.png,인공지능,5,artificial_intelligence
ai_01.png,현대미술,4,contemporary_art
ai_01.png,프로젝트,4,project
ai_02.png,#AI,5,#AI
ai_02.png,#감정,4,#emotion
ai_02.png,#대화,5,#conversation
ai_02.png,#학습,4,#learning
ai_02.png,#탐험,3,#exploration
ai_03.png,갤럭시링,5,Galaxy_ring
ai_03.png,삼성전자,5,Samsung_Electronics
ai_04.png,#문장수집,5,#quote_collection
ai_04.png,#책추천,4,#book_recommendation
ai_04.png,#독서,5,#reading
ai_04.png,#글귀,4,#quotes
ai_04.png,#소설,3,#novel
ai_04.png,#인공지능,5,#artificial_intelligence
ai_04.png,#ai,5,#ai
ai_05.png,#웃짤,5,#funny_image
ai_05.png,#취업,1,#job_seeking
ai_05.png,#불꽃놀이,1,#fireworks
ai_05.png,#도쿄대학교,1,#University_of_Tokyo
ai_05.png,#인공지능,1,#artificial_intelligence
ai_06.png,#AI,5,#AI
ai_06.png,#디지털전환,4,#digital_transformation
ai_06.png,#미래기술,5,#future_tech
ai_06.png,#트렌드,4,#trend
ai_06.png,#니치마켓,3,#niche_market
ai_07.png,#애플인텔리전스,5,#Apple_Intelligence
ai_07.png,#아이폰16,4,#iPhone16
ai_07.png,#한국어지원,5,#Korean_support
ai_07.png,#iOS18,4,#iOS18
ai_07.png,#AI기능,5,#AI_features
ai_08.png,사랑,5,love
ai_08.png,이별,2,breakup
ai_08.png,썸,3,flirting
ai_08.png,설렘,4,excitement
ai_08.png,달달,4,sweet
ai_08.png,설레는,4,exciting
ai_08.png,커플,3,couple
ai_08.png,연애,5,romance
ai_08.png,로봇,5,robot
ai_08.png,인공지능,5,artificial_intelligence
ai_08.png,공감글,4,relatable_post
ai_08.png,공감,4,empathy
ai_08.png,소통,3,communication
ai_09.png,행동,5,action
ai_09.png,KOICA,5,KOICA
ai_09.png,코이카,5,KOICA
ai_09.png,WeKO,4,WeKO
ai_09.png,브랜드광고,4,brand_advertisement
ai_09.png,브랜드광고영상,4,brand_ad_video
ai_09.png,광고영상,4,ad_video
ai_09.png,Al,5,Al
ai_09.png,인공지능,5,artificial_intelligence
ai_09.png,국제개발협력,5,international_development
ai_09.png,ODA,5,ODA
ai_10.png,#라이프체인저스,4,#life_changers
ai_10.png,#제이슨,3,#Jason
ai_10.png,#채찍피티,5,#workout_PT
ai_10.png,#챗GPT,5,#ChatGPT
ai_10.png,#CHATGPT,5,#CHATGPT
ai_10.png,#인공지능,4,#artificial_intelligence
ai_10.png,#글쓰기,4,#writing
ai_10.png,#글쓰기고수되는법,3,#how_to_write_well
ai_10.png,#쌉가능,3,#totally_possible
ai_10.png,#AI,4,#AI
ai_11.png,#챗봇,5,#chatbot
ai_11.png,#디자인,4,#design
ai_11.png,#고객서비스,5,#customer_service
ai_11.png,#UX디자인,5,#UX_design
ai_11.png,#비대면상담,4,#non_face_to_face_consultation
ai_12.png,#챗GPT,4,#ChatGPT
ai_12.png,#바드,4,#Bard
ai_12.png,#인공지능,5,#artificial_intelligence
ai_12.png,#개발자,3,#developer
ai_12.png,#테스트,2,#test
ai_12.png,#회사원,1,#company_worker
ai_12.png,#직장인,1,#office_worker
ai_12.png,#데이터,2,#data
ai_12.png,#해킹,1,#hacking
ai_12.png,#보이스피싱,1,#voice_phishing
ai_12.png,#사기,1,#fraud
ai_12.png,#프로그래머,2,#programmer
ai_12.png,#코딩,2,#coding
ai_12.png,#코더,2,#coder
ai_12.png,#웹툰,5,#webtoon
ai_12.png,#인스타툰,5,#instatoon
ai_12.png,#그림일기,4,#illustrated_diary
ai_12.png,#그림러,4,#illustrator
ai_12.png,#스케치,4,#sketch
ai_12.png,#만화,5,#comics
ai_12.png,#할머니,4,#grandmother
ai_12.png,#동화,3,#fairy_tale
ai_12.png,#이야기,5,#story
ai_13.png,#아이돌,5,#idol
ai_13.png,#버츄얼,4,#virtual
ai_13.png,#ai,3,#ai
ai_13.png,#인공지능,3,#artificial_intelligence
ai_13.png,#태연,5,#Taeyeon
ai_13.png,#에스파,5,#aespa
ai_13.png,#aespa,5,#aespa
ai_13.png,#데뷔,4,#debut
ai_13.png,#신곡,4,#new_song
ai_13.png,#얼굴,3,#face
ai_13.png,#미모,3,#beauty
ai_14.png,#챗GPT,4,#ChatGPT
ai_14.png,#바드,4,#Bard
ai_14.png,#인공지능,5,#artificial_intelligence
ai_14.png,#개발자,3,#developer
ai_14.png,#테스트,3,#test
ai_14.png,#회사원,2,#company_worker
ai_14.png,#직장인,2,#office_worker
ai_14.png,#데이터,2,#data
ai_14.png,#고양이,1,#cat
ai_14.png,#지시,5,#instruction
ai_14.png,#거부,5,#refusal
ai_14.png,#프로그래머,3,#programmer
ai_14.png,#코딩,2,#coding
ai_14.png,#코더,2,#coder
ai_14.png,#웹툰,5,#webtoon
ai_14.png,#인스타툰,5,#instatoon
ai_14.png,#그림일기,4,#illustrated_diary
ai_14.png,#그림러,4,#illustrator
ai_14.png,#스케치,3,#sketch
ai_14.png,#만화,5,#comics
ai_14.png,#격려,2,#encouragement
ai_14.png,#응원,2,#cheering
ai_14.png,#동기부여,2,#motivation
ai_15.png,AI반도체혁명,5,AI_semiconductor_revolution
ai_15.png,북토크,4,book_talk
ai_15.png,이동수,3,Lee_Dongsu
ai_15.png,권순우,3,Kwon_Soonwoo
ai_15.png,책과얽힘,4,tangled_with_books
ai_15.png,AI,5,AI
ai_15.png,인공지능,5,artificial_intelligence
ai_15.png,반도체,5,semiconductor
ai_15.png,자동차칼럼니스트이동희,2,auto_columnist_Lee_Donghee
ai_16.png,광고,2,advertisement
ai_16.png,상상의집,1,imaginary_house
ai_16.png,나의첫인공지능입문서,4,my_first_AI_guide
ai_16.png,AI판타시티,4,AI_fantasy_city
ai_16.png,어린이책,3,children_book
ai_16.png,초등책,3,elementary_book
ai_16.png,초등학생책,3,elementary_student_book
ai_16.png,초등책추천,3,elementary_book_recommendation
ai_16.png,인공지능,5,artificial_intelligence
ai_16.png,코딩,3,coding
ai_16.png,초등코딩,3,elementary_coding
ai_16.png,미래교육,4,future_education
ai_16.png,책추천,3,book_recommendation
ai_16.png,육아,2,parenting
ai_16.png,육아스타그램,2,parenting_stagram
ai_16.png,맘스타그램,2,mom_stagram
ai_16.png,초등맘,2,elementary_mom
ai_17.png,#apple,4,#apple
ai_17.png,#postech,5,#postech
ai_17.png,#apple제조업rnd지원센터,5,#apple_manufacturing_rnd_center
ai_17.png,#스마트제조포럼,5,#smart_manufacturing_forum
ai_17.png,#포럼,4,#forum
ai_17.png,#제조업,5,#manufacturing
ai_17.png,#디지털전환,5,#digital_transformation
ai_17.png,#DX,5,#DX
ai_17.png,#인공지능,3,#artificial_intelligence
ai_17.png,#AI,3,#AI
ai_17.png,#ESG,2,#ESG
ai_17.png,#데이터,3,#data
ai_17.png,#공정,3,#process
ai_17.png,#품질,3,#quality
ai_17.png,#머신러닝,2,#machine_learning
ai_17.png,#딥러닝,2,#deep_learning
ai_17.png,#AOI,2,#AOI
ai_17.png,#lean공정,2,#lean_process
ai_17.png,#불량분석,2,#defect_analysis
ai_18.png,#인공지능,5,#artificial_intelligence
ai_18.png,#개발자,5,#developer
ai_18.png,#스마트시스템,5,#smart_system
ai_18.png,#ALOT,4,#ALOT
ai_18.png,#인공지능학과,4,#AI_department
ai_18.png,#AI,5,#AI
ai_18.png,#AI학과,4,#AI_department
ai_18.png,#AI교육,5,#AI_education
ai_18.png,#C언어,3,#C_language
ai_18.png,#내일배움카드,3,#job_training_card
ai_18.png,#빅데이터분석기사,2,#big_data_analyst
ai_18.png,#앱개발,3,#app_development
ai_18.png,#앱제작,3,#app_making
ai_18.png,#스마트,4,#smart
ai_18.png,#무인선박,5,#unmanned_ship
ai_18.png,#게임프로그래머,5,#game_programmer
ai_18.png,#AR,4,#AR
ai_18.png,#VR,4,#VR
ai_18.png,#디지털,5,#digital
ai_18.png,#신기술,5,#new_technology
ai_18.png,#목포스마트시스템,5,#Mokpo_smart_system
ai_18.png,#목포인공지능,5,#Mokpo_AI
ai_18.png,#목포개발자,5,#Mokpo_developer
ai_18.png,#목포ALOT,4,#Mokpo_ALOT
ai_18.png,#콘텐츠개발자,5,#content_developer
ai_18.png,#목포콘텐츠,5,#Mokpo_content
ai_18.png,#국비지원,5,#government_funded
ai_18.png,#훈련수당,3,#training_allowance
ai_18.png,#국제목포캠퍼스,5,#international_Mokpo_campus
ai_18.png,#국제직업전문학교,5,#international_vocational_school
ai_19.png,#인공지능,5,#artificial_intelligence
ai_19.png,#챗GPT,4,#ChatGPT
ai_19.png,#바드,3,#Bard
ai_19.png,#웹툰,2,#webtoon
ai_19.png,#그림러,3,#illustrator
ai_19.png,#인스타툰,2,#instatoon
ai_19.png,#스케치,2,#sketch
ai_19.png,#프로그래밍,4,#programming
ai_19.png,#소프트웨어,4,#software
ai_19.png,#한국인후기,1,#Korean_review
ai_19.png,#절망,3,#despair
ai_19.png,#암호,3,#password
ai_19.png,#해독,3,#detox
ai_19.png,#프로그래머,4,#programmer
ai_19.png,#개발자,4,#developer
ai_19.png,#코더,4,#coder
ai_19.png,#코딩,4,#coding
ai_19.png,#개발,4,#development
ai_19.png,#컴퓨터,4,#computer
ai_19.png,#로봇,3,#robot
ai_19.png,#민화,1,#folk_painting
ai_19.png,#그림,3,#drawing
ai_19.png,#직장인,1,#office_worker
ai_19.png,#프롬프트,4,#prompt
ai_19.png,#생성형ai,5,#generative_AI
ai_19.png,#구글,3,#Google
ai_19.png,#오픈ai,4,#OpenAI
ai_20.png,#인공지능,5,#artificial_intelligence
ai_20.png,#디자인,4,#design
ai_20.png,#디자인딜레마,5,#design_dilemma
ai_20.png,#챗봇,4,#chatbot
ai_20.png,#시사,3,#current_affairs
ai_20.png,#카드뉴스,2,#card_news
ai_20.png,#이루다,3,#Iruda
ai_20.png,#불쾌한골짜기,5,#uncanny_valley
olive_01.png,#SNS핫딜,5,#SNS_hot_deal
olive_01.png,#최저가,5,#lowest_price
olive_01.png,#마케팅,4,#marketing
olive_01.png,#소셜미디어,3,#social_media
olive_01.png,#할인,4,#discount
olive_02.png,#올리브영,4,#Olive_Young
olive_02.png,#올영추천,4,#Olive_Young_pick
olive_02.png,#올영추천템,4,#Olive_Young_pick_item
olive_02.png,#올리브영추천,4,#Olive_Young_recommendation
olive_02.png,#올리브영추천템,4,#Olive_Young_recommended
olive_02.png,#아이돌,2,#idol
olive_02.png,#더쿠,2,#TheQoo
olive_02.png,#인스티즈,2,#Instiz
olive_02.png,#데일리,3,#daily
olive_02.png,#일상,3,#daily_life
olive_02.png,#좋반,2,#follow_back
olive_02.png,#꿀팁,3,#useful_tip
olive_02.png,#명품저렴이,5,#luxury_dupe
olive_03.png,買わないと後悔する,4,Mai wanaitoHou Hui suru
olive_03.png,オリーブヤング,5,ori-buyangu
olive_03.png,韓国化粧品,5,Han Guo Hua Zhuang Pin 
olive_03.png,올리브영,5,Olive_Young
olive_03.png,올리브영클レン저,5,Olive_Young_cleanser
olive_03.png,oliveyoung,5,oliveyoung
olive_03.png,oliveyoungglobal,4,oliveyoungglobal
olive_03.png,qoo10,3,qoo10
olive_03.png,qoo10メガ割引,2,qoo10megaGe Yin 
olive_03.png,qoo10購入品,2,qoo10Gou Ru Pin 
olive_03.png,qoo10韓国コスメ,3,qoo10Han Guo kosume
olive_03.png,kbeauty,5,kbeauty
olive_03.png,kcosme,5,kcosme
olive_03.png,kcosmetics,5,kcosmetics
olive_03.png,glassskin,4,glassskin
olive_04.png,不买会后悔的,5,Bu Mai Hui Hou Hui De 
olive_04.png,橄榄年轻推荐商品,5,Gan Lan Nian Qing Tui Jian Shang Pin 
olive_04.png,韓国化粧品,5,Han Guo Hua Zhuang Pin 
olive_04.png,올리브영,5,Olive_Young
olive_04.png,올리브영클렌저,5,Olive_Young_cleanser
olive_04.png,oliveyoung,5,oliveyoung
olive_04.png,oliveyoungglobal,4,oliveyoungglobal
olive_04.png,qoo10,3,qoo10
olive_04.png,qoo10メガ割引,2,qoo10megaGe Yin 
olive_04.png,qoo10購入品,3,qoo10Gou Ru Pin 
olive_04.png,qoo10韓国コスメ,3,qoo10Han Guo kosume
olive_04.png,kbeauty,5,kbeauty
olive_04.png,kcosme,5,kcosme
olive_04.png,kcosmetics,5,kcosmetics
olive_04.png,glassskin,4,glassskin
olive_05.png,買わないと後悔する,5,Mai wanaitoHou Hui suru
olive_05.png,オリーブヤング,5,ori-buyangu
olive_05.png,おすすめ,4,osusume
olive_05.png,韓国化粧品,5,Han Guo Hua Zhuang Pin 
olive_05.png,올리브영,5,Olive_Young
olive_05.png,올리브영클렌저,4,Olive_Young_cleanser
olive_05.png,oliveyoung,5,oliveyoung
olive_05.png,oliveyoungglobal,4,oliveyoungglobal
olive_05.png,qoo10,3,qoo10
olive_05.png,qoo10メガ割引,2,qoo10megaGe Yin 
olive_05.png,qoo10購入品,2,qoo10Gou Ru Pin 
olive_05.png,qoo10韓国コスメ,3,qoo10Han Guo kosume
olive_05.png,kbeauty,5,kbeauty
olive_05.png,kcosme,5,kcosme
olive_05.png,kcosmetics,5,kcosmetics
olive_05.png,glassskin,4,glassskin
olive_06.png,#투크,5,#Touke
olive_06.png,#네이키드,5,#naked
olive_06.png,#윗아웃미러립틴트,5,#without_mirror_lip_tint
olive_06.png,#네이키드핑크,5,#naked_pink
olive_06.png,#투크틴트,5,#Touke_tint
olive_06.png,#틴트,5,#tint
olive_06.png,#여름뮤트,4,#summer_mute
olive_06.png,#올리브영,3,#Olive_Young
olive_06.png,#여뮽,4,#cool_tone_summer
olive_06.png,#보니타,2,#bonita
olive_06.png,#산스,2,#mountains
olive_06.png,#겟러브,2,#get_love
olive_06.png,#올영,3,#Olive_Young
olive_07.png,#스모어딥컬렉션,5,#smore_deep_collection
olive_07.png,#무드찍먹컬렉션,4,#mood_dipping_collection
olive_07.png,#밀키블러퐁듀바,5,#milky_blur_fondue_bar
olive_07.png,#카라멜에빠진무화과,4,#caramel_fig
olive_07.png,#크림치즈에빠진자두,4,#cream_cheese_plum
olive_07.png,#멜로우립오일키링,3,#mellow_lip_oil_keyring
olive_07.png,#무화과디핑,4,#fig_dipping
olive_07.png,#타로디핑,4,#tarot_dipping
olive_07.png,#올리브영,5,#Olive_Young
olive_07.png,#릴리바이레드,5,#Lilybyred
olive_07.png,#릴리바이레드퐁듀바,5,#Lilybyred_fondue_bar
olive_07.png,#퐁듀바,5,#fondue_bar
olive_07.png,#무드키보드,3,#mood_keyboard
olive_07.png,#슬림젤아이라이너,2,#slim_gel_eyeliner
olive_07.png,#블러립,5,#blur_lip
olive_07.png,#블러스틱,5,#blur_stick
olive_07.png,#블러립추천,5,#blur_lip_recommendation
olive_07.png,#쿨톤틴트,4,#cool_tone_tint
olive_07.png,#웜톤틴트,4,#warm_tone_tint
olive_07.png,#쿨톤섀도우,2,#cool_tone_shadow
olive_07.png,#웜톤섀도우,2,#warm_tone_shadow
olive_07.png,#아이섀도우추천,2,#eyeshadow_recommendation
olive_07.png,#아이라이너추천,2,#eyeliner_recommendation
olive_07.png,#motd,3,#motd
olive_08.png,#셀프마케팅,5,#self_marketing
olive_08.png,#블랙프라이데이,4,#Black_Friday
olive_08.png,#SNS핫딜,5,#SNS_hot_deal
olive_08.png,#할인,4,#discount
olive_08.png,#프로모션,4,#promotion
olive_09.png,#보습,5,#moisturizing
olive_09.png,#가을,4,#autumn
olive_09.png,#핸드크림,5,#hand_cream
olive_09.png,#타입넘버,5,#type_number
olive_09.png,#올리브영,4,#Olive_Young
olive_10.png,#근황,3,#recent_update
olive_10.png,#이슈,2,#issue
olive_10.png,#꿀팁,4,#useful_tip
olive_10.png,#다이소,5,#Daiso
olive_10.png,#다이소화장품,5,#Daiso_cosmetics
olive_10.png,#가성비,4,#cost_effective
olive_10.png,#올리브영,3,#Olive_Young
olive_10.png,#지름신,4,#shopping_urge
olive_10.png,#쇼핑스타그램,5,#shopping_stagram
olive_11.png,#내돈내산,4,#self_purchased
olive_11.png,#여쿨라,5,#cool_tone_summer
olive_11.png,#틴트추천,5,#tint_recommendation
olive_11.png,#쿨타임베리,5,#cool_time_berry
olive_11.png,#체리셔스,5,#Chericious
olive_11.png,#코덕,4,#beauty_enthusiast
olive_11.png,#코덕리뷰,4,#beauty_review
olive_11.png,#여쿨라이트,5,#cool_tone_summer_light
olive_11.png,#올리브영,3,#Olive_Young
olive_11.png,#젤리핏틴티드글로우틴트,5,#jelly_fit_tinted_glow_tint
olive_12.png,#AOU,5,#AOU
olive_12.png,#글로이,5,#GLOIEE
olive_12.png,#틴트밤,5,#tint_balm
olive_12.png,#모음,4,#collection
olive_12.png,#색감,4,#color_tone
olive_13.png,#로즈밀크티컬렉션,5,#rose_milk_tea_collection
olive_13.png,#로즈밀크티팔레트,5,#rose_milk_tea_palette
olive_13.png,#로즈밀크티치크,4,#rose_milk_tea_cheek
olive_13.png,#로즈홍차틴트,4,#rose_tea_tint
olive_13.png,#가을메이크업,5,#autumn_makeup
olive_13.png,#로즈메이크업,5,#rose_makeup
olive_13.png,#데이지크,5,#Dasique
olive_13.png,#올리브영,3,#Olive_Young
olive_13.png,#틴트추천,4,#tint_recommendation
olive_13.png,#섀도우팔레트추천,5,#shadow_palette_recommendation
olive_14.png,#솔리드퍼퓸,5,#solid_perfume
olive_14.png,#향수,5,#perfume
olive_14.png,#뷰티,4,#beauty
olive_14.png,#일상,3,#daily_life
olive_14.png,#패션,2,#fashion
olive_15.png,#파데,5,#foundation
olive_15.png,#파운데이션추천,5,#foundation_recommendation
olive_15.png,#인생템,4,#must_have_item
olive_15.png,#파데추천,5,#foundation_recommendation
olive_15.png,#인생파데,4,#best_foundation
olive_15.png,#로드샵,3,#road_shop
olive_15.png,#로드샵제품,3,#road_shop_products
olive_15.png,#올영,3,#Olive_Young
olive_15.png,#올리브영파데,3,#Olive_Young_foundation
olive_15.png,#매트,2,#matte
olive_15.png,#촉촉,2,#moisturizing
olive_15.png,#추천템,4,#recommended_item
olive_15.png,#올영추천템,3,#Olive_Young_pick_item
olive_15.png,#뷰티,4,#beauty
olive_15.png,#뷰티스타그램,4,#beauty_stagram
olive_15.png,#코덕,5,#beauty_enthusiast
olive_15.png,#꿀팁,3,#useful_tip
olive_15.png,#꿀팁스타그램,3,#tips_stagram
olive_15.png,#뷰티정보,4,#beauty_info
olive_15.png,#정보스타그램,4,#info_stagram
olive_15.png,#정보,4,#information
olive_16.png,不买会后悔的橄榄年轻推荐商品,5,Bu Mai Hui Hou Hui De Gan Lan Nian Qing Tui Jian Shang Pin 
olive_16.png,韓国化粧品,5,Han Guo Hua Zhuang Pin 
olive_16.png,올리브영,5,Olive_Young
olive_16.png,올리브영클렌저,5,Olive_Young_cleanser
olive_16.png,oliveyoung,5,oliveyoung
olive_16.png,oliveyoungglobal,4,oliveyoungglobal
olive_16.png,qoo10,3,qoo10
olive_16.png,qoo10メガ割引,2,qoo10megaGe Yin 
olive_16.png,qoo10購入品,2,qoo10Gou Ru Pin 
olive_16.png,qoo10韓国コスメ,3,qoo10Han Guo kosume
olive_16.png,kbeauty,5,kbeauty
olive_16.png,kcosme,5,kcosme
olive_16.png,kcosmetics,5,kcosmetics
olive_16.png,glassskin,4,glassskin
olive_17.png,不买会后悔的橄榄年轻推荐商品,5,Bu Mai Hui Hou Hui De Gan Lan Nian Qing Tui Jian Shang Pin 
olive_17.png,韓国化粧品,5,Han Guo Hua Zhuang Pin 
olive_17.png,올리브영,5,Olive_Young
olive_17.png,올리브영클렌저,5,Olive_Young_cleanser
olive_17.png,oliveyoung,5,oliveyoung
olive_17.png,oliveyoungglobal,4,oliveyoungglobal
olive_17.png,qoo10,3,qoo10
olive_17.png,qoo10メガ割引,2,qoo10megaGe Yin 
olive_17.png,qoo10購入品,2,qoo10Gou Ru Pin 
olive_17.png,qoo10韓国コスメ,3,qoo10Han Guo kosume
olive_17.png,kbeauty,5,kbeauty
olive_17.png,kcosme,5,kcosme
olive_17.png,kcosmetics,5,kcosmetics
olive_17.png,glassskin,4,glassskin
olive_18.png,#올리브영,5,#Olive_Young
olive_18.png,#올영,5,#Olive_Young
olive_18.png,#올영세일,4,#Olive_Young_sale
olive_18.png,#올리브영세일,4,#Olive_Young_sale
olive_18.png,#올영추천템,5,#Olive_Young_pick_item
olive_18.png,#올영꿀템,5,#Olive_Young_must_have
olive_19.png,#맑은수채화무드,5,#clear_watercolor_mood
olive_19.png,#메이크업TIP,4,#makeup_tip
olive_19.png,#가을무드,5,#autumn_mood
olive_19.png,#광채메이크업,5,#glow_makeup
olive_19.png,#자연스러운메이크업,4,#natural_makeup
olive_20.png,#AD,5,#AD
olive_20.png,#타미,5,#Tommy
olive_20.png,#타미걸,5,#Tommy_girl
olive_20.png,#타미힐피거,5,#Tommy_Hilfiger
olive_20.png,#프래그런스,5,#fragrance
olive_20.png,#향수,5,#perfume
olive_20.png,#패션,4,#fashion
olive_20.png,#스타일,4,#style
olive_20.png,#스트릿,3,#street
olive_20.png,#데일리,4,#daily
olive_20.png,#레트로,3,#retro
olive_20.png,#신제품,4,#new_product
olive_20.png,#켄달제너,3,#Kendall_Jenner
olive_20.png,#앰버서더,3,#ambassador
olive_20.png,#클래식,4,#classic
olive_20.png,#캐주얼,4,#casual
olive_20.png,#청량,4,#refreshing
olive_20.png,#청순,4,#innocent_look
olive_20.png,#향기,5,#fragrance
olive_20.png,#향수추천,5,#perfume_recommendation
olive_20.png,#뉴잭스윙,3,#new_jack_swing
olive_20.png,#올리브영,2,#Olive_Young
olive_20.png,#Tommyhilfiger,5,#Tommyhilfiger
olive_20.png,#Tommy,5,#Tommy
olive_20.png,#snob,3,#snob
olive_20.png,#스노브,3,#Snob
olive_20.png,#스노브매거진,3,#Snob_magazine
olive_20.png,#snobmag,3,#snobmag
olive_21.png,#에뛰드,5,#Etude
olive_21.png,#F/W신상,4,#FW_new_arrivals
olive_21.png,#낫배드컬렉션,5,#not_bad_collection
olive_21.png,#마이베스트톤아이팔레트,4,#my_best_tone_eye_palette
olive_21.png,#말괄량이레드,2,#tomboy_red
olive_21.png,#그레이세요그럼,4,#okay_then
olive_21.png,#아이메이크업,5,#eye_makeup
olive_21.png,#데일리아이메이크업,4,#daily_eye_makeup
olive_21.png,#포인트아이메이크업,4,#point_eye_makeup
olive_21.png,#여름쿨톤아이메이크업,3,#summer_cool_tone_eye_makeup
olive_21.png,#스모키메이크업,4,#smoky_makeup
olive_21.png,#올리브영,3,#Olive_Young
olive_21.png,#에뛰드낫배드컬렉션,5,#Etude_not_bad_collection
olive_22.png,#메이크업,5,#makeup
olive_22.png,#팔레트,5,#palette
olive_22.png,#뷰티,5,#beauty
olive_22.png,#코랄,4,#coral
olive_22.png,#올리브영,4,#Olive_Young
fashion_01.png,#철권8,5,#Tekken8
fashion_01.png,#젠틀몬스터,5,#Gentle_Monster
fashion_02.png,#seungwanstyle_marni,5,#seungwanstyle_marni
fashion_02.png,#seungwanstyle_mskn2nd,5,#seungwanstyle_mskn2nd
fashion_02.png,#seungwanstyle_crank,5,#seungwanstyle_crank
fashion_02.png,#seungwanstyle_joygryson,5,#seungwanstyle_joygryson
fashion_02.png,#seungwanstyle_youngstreet,4,#seungwanstyle_youngstreet
fashion_02.png,#웬디,5,#Wendy
fashion_02.png,#손승완,5,#Son_Seungwan
fashion_02.png,#승완,5,#Seungwan
fashion_02.png,#레드벨벳,5,#Red_Velvet
fashion_02.png,#레드벨벳웬디,5,#Red_Velvet_Wendy
fashion_02.png,#웬디패션,5,#Wendy_fashion
fashion_02.png,#fashion,4,#fashion
fashion_02.png,#패션,4,#fashion
fashion_02.png,#marni,5,#marni
fashion_02.png,#mskn2nd,5,#mskn2nd
fashion_02.png,#crank,5,#crank
fashion_02.png,#joygryson,5,#joygryson
fashion_03.png,#미나페르호넨,5,#mina_perhonen
fashion_03.png,#미나가와아키라,5,#Minagawa_Akira
fashion_03.png,#마리메꼬,3,#Marimekko
fashion_03.png,#탬버린,2,#tambourine
fashion_03.png,#전시,5,#exhibition
fashion_03.png,#전시회,5,#art_exhibition
fashion_03.png,#전시추천,4,#exhibition_recommendation
fashion_03.png,#패션,4,#fashion
fashion_03.png,#패션브랜드,4,#fashion_brand
fashion_03.png,#일본브랜드,5,#Japanese_brand
fashion_03.png,#공예,3,#crafts
fashion_04.png,#셀카,5,#selfie
fashion_04.png,#노란색,4,#yellow
fashion_04.png,#여성,5,#women
fashion_04.png,#패션,4,#fashion
fashion_04.png,#자연광,3,#natural_light
fashion_05.png,보테가베네타,5,Bottega_Veneta
fashion_05.png,BottegaVeneta,5,BottegaVeneta
fashion_05.png,보테가베네타25여름컬션,4,Bottega_Veneta_25_summer_collection
fashion_05.png,BottegaVenetaSummer25,4,BottegaVenetaSummer25
fashion_06.png,プール,5,pu-ru
fashion_06.png,ハワイアンズ,4,hawaianzu
fashion_06.png,スパリゾートハワイアンズ,4,suparizo-tohawaianzu
fashion_06.png,sparesorthawaiians,4,sparesorthawaiians
fashion_06.png,水着,5,Shui Zhao 
fashion_06.png,水着女子,5,Shui Zhao Nu Zi 
fashion_06.png,kawaii,4,kawaii
fashion_06.png,アイドル,3,aidoru
fashion_06.png,idol,3,idol
fashion_06.png,偶像,3,Ou Xiang 
fashion_06.png,아이돌,3,idol
fashion_06.png,패션,4,fashion
fashion_06.png,얼스타그램,4,face_stagram
fashion_06.png,4,2,4
fashion_06.png,ootd,4,ootd
fashion_06.png,love,3,love
fashion_06.png,instagood,4,instagood
fashion_06.png,japanesegirl,5,japanesegirl
fashion_06.png,일본,5,Japan
fashion_06.png,instalike,3,instalike
fashion_06.png,followme,2,followme
fashion_06.png,팔로미,2,follow_me
fashion_06.png,おやすみぃあ,2,oyasumiia
fashion_07.png,#에스파,5,#aespa
fashion_07.png,#코스프레,4,#cosplay
fashion_07.png,#패션,5,#fashion
fashion_07.png,#액세서리,5,#accessories
fashion_07.png,#콜라보레이션,5,#collaboration
fashion_08.png,#런던,5,#London
fashion_08.png,#패션브랜드,5,#fashion_brand
fashion_08.png,#스트리트웨어,5,#streetwear
fashion_08.png,#이벤트,4,#event
fashion_08.png,#젊은이들,5,#young_people
fashion_09.png,일몰,5,sunset
fashion_09.png,캠핑,4,camping
fashion_09.png,자연,5,nature
fashion_09.png,행복,4,happiness
fashion_09.png,여행,3,travel
fashion_10.png,#가을,5,#autumn
fashion_10.png,#패션변화,5,#fashion_change
fashion_10.png,#날씨,5,#weather
fashion_10.png,#여름끝,5,#end_of_summer
fashion_10.png,#일상,4,#daily_life
fashion_11.png,오오티디,4,OOTD
fashion_11.png,ootd,4,ootd
fashion_11.png,패션 코디,5,fashion_outfit
fashion_11.png,여자코디,5,women_outfit
fashion_11.png,패션템,5,fashion_item
fashion_11.png,패션템추천,4,fashion_item_recommendation
fashion_11.png,데일리코디,5,daily_outfit
fashion_11.png,데일리룩,5,daily_look
fashion_11.png,패션팔찌,5,fashion_bracelet
fashion_11.png,팔찌추천,5,bracelet_recommendation
fashion_11.png,여자팔찌,5,women_bracelet
fashion_11.png,가을아이템,3,autumn_items
fashion_11.png,가을템,3,autumn_items
fashion_11.png,겨울템,2,winter_items
fashion_12.png,오오티디,4,OOTD
fashion_12.png,코디,4,outfit
fashion_12.png,여자코디,5,women_outfit
fashion_12.png,패션템,5,fashion_item
fashion_12.png,패션템추천,3,fashion_item_recommendation
fashion_12.png,데일리코디,4,daily_outfit
fashion_12.png,데일리룩,4,daily_look
fashion_12.png,패션,5,fashion
fashion_13.png,#마뗑킴,5,#Matin_Kim
fashion_13.png,#패션,5,#fashion
fashion_13.png,#도산,4,#Dosan
fashion_13.png,#볼캡,5,#ball_cap
fashion_13.png,#컬렉션,4,#collection
fashion_14.png,오오티디,4,OOTD
fashion_14.png,ootd,4,ootd
fashion_14.png,패션 코디,5,fashion_outfit
fashion_14.png,여자코디,5,women_outfit
fashion_14.png,패션템,5,fashion_item
fashion_14.png,패션템추천,4,fashion_item_recommendation
fashion_14.png,데일리코디,5,daily_outfit
fashion_14.png,데일리룩,5,daily_look
fashion_14.png,패션팔찌,5,fashion_bracelet
fashion_14.png,팔찌추천,5,bracelet_recommendation
fashion_14.png,여자팔찌,5,women_bracelet
fashion_14.png,가을아이템,3,autumn_items
fashion_14.png,가을템,3,autumn_items
fashion_14.png,겨울템,2,winter_items
fashion_15.png,毎日投稿,5,Mei Ri Tou Gao 
fashion_15.png,あっとほぉーむカフェ,4,atsutohoo-mukahue
fashion_15.png,メイド,5,meido
fashion_15.png,メイド服,5,meidoFu 
fashion_15.png,自撮り,5,Zi Cuo ri
fashion_15.png,みつあみアレンジ,4,mitsuamiarenzi
fashion_15.png,ツインテール,3,tsuinte-ru
fashion_15.png,秋葉原カフェ,4,Qiu Xie Yuan kahue
fashion_15.png,メイドカフェ,5,meidokahue
fashion_15.png,黒髪ロング,3,Hei Fa rongu
fashion_15.png,selfie,5,selfie
fashion_15.png,maid,5,maid
fashion_15.png,maidcafe,5,maidcafe
fashion_15.png,kawaii,5,kawaii
fashion_15.png,followｍe,2,followme
fashion_15.png,maidcostume,5,maidcostume
fashion_15.png,japanesegirl,4,japanesegirl
fashion_15.png,moemoekyun,4,moemoekyun
fashion_15.png,카페,4,kape
fashion_15.png,셀카,5,selka
fashion_15.png,셀피,5,selpi
fashion_15.png,패션,4,paesyeon
fashion_15.png,메이드,5,meideu
fashion_15.png,아키하바라,4,Akihabara
fashion_15.png,셀스타그램,5,self_stagram
fashion_15.png,메이드카페,5,maid_cafe
fashion_15.png,女仆咖啡厅,5,Nu Pu Ka Pei Ting 
fashion_15.png,女僕,5,Nu Pu 
fashion_15.png,女僕咖啡廳,5,Nu Pu Ka Pei Ting 
fashion_16.png,#monsterhigh,5,#monsterhigh
fashion_16.png,#venusmcflytrap,5,#venusmcflytrap
fashion_16.png,#punk,4,#punk
fashion_16.png,#eco,4,#eco
fashion_16.png,#plant,5,#plant
fashion_16.png,#plantmonster,5,#plantmonster
fashion_16.png,#fashionstyle,4,#fashionstyle
fashion_16.png,#패션,4,#fashion
fashion_16.png,#패션디자인,4,#fashion_design
fashion_16.png,#art,5,#art
fashion_16.png,#artwork,5,#artwork
fashion_16.png,#일러스트,5,#illustration
fashion_16.png,#fashion,4,#fashion
fashion_16.png,#fashionillustration,5,#fashionillustration
fashion_16.png,#그림,5,#drawing
fashion_16.png,#그림스타그램,4,#art_stagram
fashion_16.png,#패션일러스트,5,#fashion_illustration
fashion_16.png,#illustration,5,#illustration
fashion_16.png,#illustrationartists,4,#illustrationartists
fashion_16.png,#draw,5,#draw
fashion_16.png,#drawing,5,#drawing
fashion_17.png,可愛いデニム,5,Ke Ai idenimu
fashion_17.png,韓国ブランド,4,Han Guo burando
fashion_17.png,popup,4,popup
fashion_17.png,ファッション,5,huatsushiyon
fashion_17.png,スタイル,5,sutairu
fashion_18.png,fashion,5,fashion
fashion_18.png,fudge,3,fudge
fashion_18.png,cluel,3,cluel
fashion_18.png,code,4,code
fashion_18.png,outfit,5,outfit
fashion_18.png,ootd,5,ootd
fashion_18.png,wear,4,wear
fashion_18.png,codenate,3,codenate
fashion_18.png,今日のコーデ,5,Jin Ri noko-de
fashion_18.png,오오티디,5,OOTD
fashion_18.png,데일리룩,4,daily_look
fashion_18.png,패션,5,fashion
fashion_18.png,fudge部,3,fudgeBu 
fashion_18.png,クルーエル女子,3,kuru-eruNu Zi 
fashion_18.png,troisiemechaco,4,troisiemechaco
fashion_18.png,pippichic,4,pippichic
fashion_18.png,オケージョン,5,oke-ziyon
fashion_18.png,オケージョンコーデ,5,oke-ziyonko-de
fashion_19.png,#백수,5,#unemployed
fashion_19.png,#가정,4,#home
fashion_19.png,#휴식,5,#rest
fashion_19.png,#명절,3,#holiday
fashion_19.png,#웃음,4,#laughter
fashion_20.png,#태하,5,#Taeha
fashion_20.png,#일상,4,#daily_life
fashion_20.png,#유튜브,3,#YouTube
fashion_20.png,#아기,5,#baby
fashion_20.png,#패션,4,#fashion
fashion_21.png,#東京女子流,4,Dong Jing Nu Zi Liu 
fashion_21.png,#新井ひとみ,2,Xin Jing hitomi
fashion_21.png,#ヘアー,5,hea-
fashion_21.png,#メイク,4,meiku
fashion_21.png,#ファッション,4,huatsushiyon
fashion_21.png,#天狗,1,Tian Gou 
fashion_21.png,#原宿,3,Yuan Su 
fashion_21.png,#hair,5,#hair
fashion_21.png,#makeup,4,#makeup
fashion_21.png,#fashion,4,#fashion
fashion_21.png,#셀카,5,#selfie
fashion_21.png,#패션,4,#fashion
fashion_21.png,#메이크,4,#make
fashion_22.png,#韓国アイドル,5,Han Guo aidoru
fashion_22.png,#アイドル体験,5,aidoruTi Yan 
fashion_22.png,#ファッション,4,huatsushiyon
fashion_22.png,#スタジオ,4,sutazio
fashion_22.png,#コスプレ,3,kosupure
movie_01.png,영화,5,movie
movie_01.png,화양연화,5,In_the_Mood_for_Love
movie_01.png,영화명대사,5,movie_famous_lines
movie_01.png,화양연화명대사,5,In_the_Mood_for_Love_quotes
movie_01.png,왕가위감독,4,director_Wong_Kar_wai
movie_01.png,양조위,4,Tony_Leung
movie_01.png,장만옥,4,Maggie_Cheung
movie_01.png,이별연습,3,breakup_practice
movie_01.png,인생영화,5,life_movie
movie_01.png,명대사스타그램,5,famous_lines_stagram
movie_01.png,영화스타그램🎬,5,movie_stagram
movie_02.png,#사랑,5,#love
movie_02.png,#로맨스,5,#romance
movie_02.png,#영화,4,#movie
movie_02.png,#재개봉,3,#re_release
movie_02.png,#명작,4,#masterpiece
movie_03.png,#여름,5,#summer
movie_03.png,#청춘,5,#youth
movie_03.png,#대화,4,#conversation
movie_03.png,#공원,4,#park
movie_03.png,#자전거,3,#bicycle
movie_04.png,#curbonjp,3,#curbonjp
movie_04.png,#genic_mag,4,#genic_mag
movie_04.png,#reco_ig,3,#reco_ig
movie_04.png,#hueart_life,4,#hueart_life
movie_04.png,#透明感のある写真,5,Tou Ming Gan noaruXie Zhen 
movie_04.png,#淡くて儚い瞬間を,5,Dan kuteMeng iShun Jian wo
movie_04.png,#フィルムで残す日常,5,huirumudeCan suRi Chang 
movie_04.png,#filmに魅せられて,4,filmniMei serarete
movie_04.png,#東京カメラ部,3,Dong Jing kameraBu 
movie_04.png,#関東カメラ部,3,Guan Dong kameraBu 
movie_04.png,#フィルム,5,huirumu
movie_04.png,#フィルムカメラ,5,huirumukamera
movie_04.png,#みもめんと,4,mimomento
movie_04.png,#ノスタルジーな瞬間を,5,nosutaruzi-naShun Jian wo
movie_04.png,#瞳の中のノスタルジア,4,Tong noZhong nonosutaruzia
movie_04.png,#木漏れ日と暮らす,4,Mu Lou reRi toMu rasu
movie_04.png,#被写体,3,Bei Xie Ti 
movie_04.png,#被写体募集中,2,Bei Xie Ti Mu Ji Zhong 
movie_04.png,#카메라,4,#camera
movie_04.png,#필름카메라,5,#film_camera
movie_04.png,#영화,3,#movie
movie_04.png,#iedemo_graphy,4,#iedemo_graphy
movie_04.png,#film_com,4,#film_com
movie_04.png,#oldlens_tokyo,4,#oldlens_tokyo
movie_04.png,#film_jp,5,#film_jp
movie_04.png,#filmphotography,5,#filmphotography
movie_04.png,#film_jp,5,#film_jp
movie_04.png,#shasinkissa_s,4,#shasinkissa_s
movie_05.png,호불호,5,love_or_hate
movie_05.png,영화,5,movie
movie_05.png,호불호영화,5,divisive_movie
movie_05.png,원스어폰어타임인할리우드,4,Once_Upon_a_Time_in_Hollywood
movie_05.png,지구가끝장나는날,4,day_the_earth_ends
movie_05.png,킬링디어,4,killing_of_a_sacred_deer
movie_05.png,단지세상의끝,4,just_end_of_the_world
movie_05.png,리코리쉬피자,4,licorice_pizza
movie_05.png,태스터로이드시티,4,Tasteroid_city
movie_05.png,추천영화,5,movie_recommendation
movie_06.png,#사랑,5,#love
movie_06.png,#영화,5,#movie
movie_06.png,#고백,5,#confession
movie_06.png,#인생,4,#life
movie_06.png,#감동,5,#touching
movie_07.png,#퍼펙트데이,5,#perfect_day
movie_07.png,#일상,4,#daily_life
movie_07.png,#음악,5,#music
movie_07.png,#행복,4,#happiness
movie_07.png,#영화,3,#movie
movie_08.png,#예능,3,#variety_show
movie_08.png,#웃긴,5,#funny
movie_08.png,#유머,5,#humor
movie_08.png,#유머스타그램,5,#humor_stagram
movie_08.png,#웃긴짤,4,#funny_meme
movie_08.png,#예능레전드,2,#variety_legend
movie_08.png,#개꿀잼,5,#super_funny
movie_08.png,#꿀잼,5,#super_fun
movie_08.png,#핵꿀잼,5,#extremely_fun
movie_08.png,#짤방,4,#meme
movie_08.png,#레전드,3,#legend
movie_08.png,#오늘의유머,5,#todays_humor
movie_08.png,#대유잼,5,#very_funny
movie_08.png,#빵터짐,5,#burst_of_laughter
movie_08.png,#이슈,2,#issue
movie_08.png,#럽스타스램,1,#love_star_gram
movie_08.png,#영화,1,#movie
movie_08.png,#영화스타그램,1,#movie_stagram
movie_08.png,#강아지,5,#dog
movie_09.png,#성병,5,#STI
movie_09.png,#관계,4,#relationship
movie_09.png,#건강,3,#health
movie_09.png,#예방,2,#prevention
movie_09.png,#교육,3,#education
movie_10.png,영화,5,movie
movie_10.png,500일의썸머,5,500_days_of_summer
movie_10.png,500일의썸머명대사,5,500_days_of_summer_quotes
movie_10.png,영화명대사,4,movie_famous_lines
movie_10.png,여름,4,summer
movie_10.png,가을,2,autumn
movie_10.png,썸머,5,summer
movie_10.png,로코추천,4,romcom_recommendation
movie_10.png,로맨틱코미디,5,romaentigkomidi
movie_10.png,로맨스영화,5,romance_movie
movie_10.png,명대사스타그램,5,famous_lines_stagram
movie_10.png,영화스타그램🎬,5,movie_stagram
movie_11.png,변우석,5,Byun_Wooseok
movie_11.png,byeonwooseok,5,byeonwooseok
movie_11.png,성수,3,Seongsu
movie_11.png,영상,4,video
movie_11.png,존잘,5,super_handsome
movie_11.png,훈남,5,handsome_guy
movie_11.png,배우,4,actor
movie_11.png,드라마,3,drama
movie_11.png,영화,3,movie
movie_11.png,모델,4,model
movie_11.png,화보,4,photo_shoot
movie_12.png,#조커,5,#Joker
movie_12.png,#할리퀸,5,#Harley_Quinn
movie_12.png,#영화,4,#movie
movie_12.png,#개봉,4,#movie_release
movie_12.png,#호아킨피닉스,3,#Joaquin_Phoenix
movie_12.png,#레이디가가,3,#Lady_Gaga
movie_13.png,#스피또,5,#Speetto
movie_13.png,#당첨자,5,#winner
movie_13.png,#소감,5,#impression
movie_13.png,#감사,4,#gratitude
movie_13.png,#노력,4,#effort
movie_14.png,#영화밈,4,#movie_meme
movie_14.png,#영화,5,#movie
movie_14.png,#영화명대사,2,#movie_famous_lines
movie_14.png,#영화리뷰,3,#film_review
movie_14.png,#영화명장면,2,#movie_famous_scene
movie_14.png,#영화추천,3,#movie_recommendation
movie_14.png,#영화스타그램,5,#movie_stagram
movie_14.png,#영화감상,4,#movie_review
movie_15.png,#김희선,5,#Kim_Heesun
movie_15.png,#Korea No.1 Star,5,Korea No.1 Star
movie_15.png,#kimheeseon,5,#kimheeseon
movie_15.png,#drama,4,#drama
movie_15.png,#movie,4,#movie
movie_15.png,#kdrama,4,#kdrama
movie_15.png,#beauty,5,#beauty
movie_15.png,#followme,3,#followme
movie_16.png,#영화밈,5,#movie_meme
movie_16.png,#영화,4,#movie
movie_16.png,#영화명대사,3,#movie_famous_lines
movie_16.png,#영화리뷰,2,#film_review
movie_16.png,#영화명장면,3,#movie_famous_scene
movie_16.png,#영화추천,2,#movie_recommendation
movie_16.png,#영화스타그램,4,#movie_stagram
movie_17.png,행복의나라,2,land_of_happiness
movie_17.png,절찬상영중,3,now_showing
movie_17.png,조정석,1,Jo_Jungseok
movie_17.png,이선균,1,Lee_Seongyun
movie_17.png,유재명,1,Yoo_Jaemyung
movie_17.png,영화,4,movie
movie_17.png,실화,2,true_story
movie_17.png,화병,3,hwapyeong
movie_17.png,혈압상승,3,blood_pressure_rise
movie_17.png,시리즈,2,series
movie_17.png,8월추천영화,3,August_movie_recommendation
movie_17.png,역사,1,history
movie_17.png,기억,3,memory
movie_17.png,리뷰,3,review
movie_17.png,역대급,3,all_time_best
movie_17.png,반응,4,reaction
movie_17.png,과몰입,4,over_immersion
movie_17.png,최고,3,the_best
movie_17.png,눈물,5,tears
movie_17.png,OST,5,OST
movie_17.png,눈물샘,5,tear_duct
movie_17.png,자극,4,stimulation
movie_17.png,가사,2,lyrics
movie_17.png,오열,5,sobbing
movie_18.png,영화토론,5,movie_discussion
movie_18.png,반딧불이의묘,5,grave_of_the_fireflies
movie_18.png,영화,4,movie
movie_19.png,#에이리언,5,#alien
movie_19.png,#CGI,2,#CGI
movie_19.png,#영화,4,#movie
movie_19.png,#비하인드,4,#behind_the_scenes
movie_19.png,#루마니아,3,#Romania
movie_20.png,영어표현,5,English_expression
movie_20.png,영어공부,5,English_study
movie_20.png,공부기록,3,study_record
movie_20.png,안티에이징,1,anti_aging
movie_20.png,피부,1,skin
movie_20.png,미드,4,American_drama
movie_20.png,영화,4,movie
movie_20.png,쉐도잉,3,shadowing
movie_20.png,부부스타그램,1,couple_stagram
movie_20.png,친구스타그램,1,friend_stagram
movie_21.png,curbonjp,3,curbonjp
movie_21.png,genic_mag,4,genic_mag
movie_21.png,reco_ig,3,reco_ig
movie_21.png,hueart_life,4,hueart_life
movie_21.png,透明感のある写真,5,Tou Ming Gan noaruXie Zhen 
movie_21.png,淡くて儚い瞬間を,5,Dan kuteMeng iShun Jian wo
movie_21.png,フィルムで残す日常,4,huirumudeCan suRi Chang 
movie_21.png,filmに魅せられて,4,filmniMei serarete
movie_21.png,東京カメラ部,3,Dong Jing kameraBu 
movie_21.png,関東カメラ部,3,Guan Dong kameraBu 
movie_21.png,フィルム,5,huirumu
movie_21.png,フィルムカメラ,5,huirumukamera
movie_21.png,みもめんと,3,mimomento
movie_21.png,ノスタルジーな瞬間を,4,nosutaruzi-naShun Jian wo
movie_21.png,瞳の中のノスタルジア,4,Tong noZhong nonosutaruzia
movie_21.png,木漏れ日と暮らす,3,Mu Lou reRi toMu rasu
movie_21.png,被写体,2,Bei Xie Ti 
movie_21.png,被写体募集中,2,Bei Xie Ti Mu Ji Zhong 
movie_21.png,카메라,3,camera
movie_21.png,필름카메라,5,film_camera
movie_21.png,영화,2,movie
movie_21.png,2024明治安田しあわせフォトコン,3,2024Ming Zhi An Tian shiawasehuotokon
movie_21.png,インヘリットカメラフォトコン,3,inheritsutokamerahuotokon
movie_21.png,遠ざかる夏の残り香,4,Yuan zakaruXia noCan riXiang 
movie_21.png,iedemo_graphy,3,iedemo_graphy
movie_21.png,film_com,4,film_com
movie_21.png,oldlens_tokyo,3,oldlens_tokyo
movie_21.png,film_jp,4,film_jp
movie_21.png,filmphotography,5,filmphotography
movie_21.png,shasinkissa_s,3,shasinkissa_s
movie_22.png,#메이플스토리,5,#MapleStory
movie_22.png,#레시피,1,#recipe
movie_22.png,#여행스타그램,2,#travel_stagram
movie_22.png,#휴가룩,1,#vacation_look
movie_22.png,#운동하는여자,1,#workout_woman
movie_22.png,#운동하는남자,1,#workout_man
movie_22.png,#직장인,1,#office_worker
movie_22.png,#도시락,1,#lunchbox
movie_22.png,#자동차,1,#car
movie_22.png,#축구,1,#soccer
movie_22.png,#영화,2,#movie
movie_22.png,#아이돌,1,#idol
movie_22.png,#추억,2,#memories
movie_22.png,#maplestorym,5,#maplestorym
movie_22.png,#maplestory,5,#maplestory
movie_22.png,#nexon,4,#nexon
movie_22.png,#art,4,#art
movie_22.png,#artist,4,#artist
restaurant_01.png,고기짬뽕,5,meat_jjamppong
restaurant_01.png,맛집,4,restaurant
restaurant_01.png,평택,5,Pyeongtaek
restaurant_01.png,영빈루,5,Yeongbinu
restaurant_01.png,주말,3,weekend
restaurant_01.png,일요일,3,Sunday
restaurant_01.png,송탄,2,Songtan
restaurant_01.png,브런치,2,brunch
restaurant_01.png,데이트,3,date
restaurant_01.png,고기,5,meat
restaurant_01.png,짬뽕,5,jjamppong
restaurant_01.png,돼지고기,5,pork
restaurant_01.png,탕수육,4,sweet_sour_pork
restaurant_01.png,weekend,3,weekend
restaurant_01.png,sunday,3,sunday
restaurant_01.png,brunch,2,brunch
restaurant_01.png,date,3,date
restaurant_01.png,jjamppong,5,jjamppong
restaurant_01.png,spicy,4,spicy
restaurant_01.png,noodles,5,noodles
restaurant_02.png,韓国旅行,5,Han Guo Lu Xing 
restaurant_02.png,ソウル,5,souru
restaurant_02.png,韓国料理,5,Han Guo Liao Li 
restaurant_02.png,ポッサム,5,potsusamu
restaurant_02.png,美味しい,4,Mei Wei shii
restaurant_02.png,한상차림밥상,5,full_Korean_meal
restaurant_02.png,신설동,5,Sinseoldong
restaurant_02.png,맛집,5,restaurant
restaurant_02.png,보쌈,5,bossam
restaurant_02.png,서울,5,Seoul
restaurant_02.png,Koreanfood,5,Koreanfood
restaurant_03.png,韓国,5,Han Guo 
restaurant_03.png,韓国一人旅,4,Han Guo Yi Ren Lu 
restaurant_03.png,韓国旅行,5,Han Guo Lu Xing 
restaurant_03.png,韓国料理,4,Han Guo Liao Li 
restaurant_03.png,korea,5,korea
restaurant_03.png,koreanfood,4,koreanfood
restaurant_03.png,韓国グルメ,5,Han Guo gurume
restaurant_03.png,韓国好きな人と繋がりたい,3,Han Guo Hao kinaRen toXi garitai
restaurant_03.png,서울맛집,5,Seoul_restaurant
restaurant_03.png,ソウル,5,souru
restaurant_03.png,seoul,5,seoul
restaurant_03.png,ソウルグルメ,5,sourugurume
restaurant_03.png,ソウル旅行,5,souruLu Xing 
restaurant_03.png,한국여행,5,Korea_travel
restaurant_03.png,맛집,5,restaurant
restaurant_03.png,駐在おやじ,4,Zhu Zai oyazi
restaurant_03.png,韓国地方,3,Han Guo Di Fang 
restaurant_04.png,#배달음식,5,#delivery_food
restaurant_04.png,#라면,5,#ramen
restaurant_04.png,#혼밥,4,#eating_alone
restaurant_04.png,#피자,5,#pizza
restaurant_04.png,#간편식,4,#ready_meal
restaurant_05.png,#만두,5,#dumplings
restaurant_05.png,#서울맛집,4,#Seoul_restaurant
restaurant_05.png,#딤섬,3,#dim_sum
restaurant_05.png,#미쉐린,4,#Michelin
restaurant_05.png,#맛집추천,5,#restaurant_recommendation
restaurant_06.png,#중구카페,5,#Junggu_cafe
restaurant_06.png,#서울카페,5,#Seoul_cafe
restaurant_06.png,#힙한카페,4,#hip_cafe
restaurant_06.png,#카페투어,4,#cafe_tour
restaurant_06.png,#감성카페,5,#aesthetic_cafe
restaurant_07.png,#닭가슴살,5,#chicken_breast
restaurant_07.png,#김치볶음밥,5,#kimchi_fried_rice
restaurant_07.png,#만두,5,#dumplings
restaurant_07.png,#저녁,4,#dinner
restaurant_07.png,#한식,5,#Korean_cuisine
restaurant_08.png,#김치말이국수,5,#kimchi_noodle
restaurant_08.png,#어묵김밥,5,#fishcake_kimbap
restaurant_08.png,#여름음식,4,#summer_food
restaurant_08.png,#맛있다,4,#delicious
restaurant_08.png,#홈쿡,3,#home_cooking
restaurant_09.png,#청계산,5,#Cheonggye_mountain
restaurant_09.png,#매봉,2,#Maebong
restaurant_09.png,#등산,5,#hiking
restaurant_09.png,#아침운동,4,#morning_workout
restaurant_09.png,#맛집,1,#restaurant
restaurant_10.png,하나라멘,5,Hana_ramen
restaurant_10.png,토리파이탄,5,toripaitan
restaurant_10.png,연남동,5,Yeonnam_dong
restaurant_11.png,#제주도민,4,#Jeju_resident
restaurant_11.png,#제주살이,4,#Jeju_living
restaurant_11.png,#비오는주말,5,#rainy_weekend
restaurant_11.png,#감자채전,5,#potato_pancake
restaurant_11.png,#제주막걸리,5,#Jeju_makgeolli
restaurant_11.png,#맛집,3,#restaurant
restaurant_11.png,#맛있다,4,#delicious
restaurant_12.png,#추석음식,5,#Chuseok_food
restaurant_12.png,#한식,5,#Korean_cuisine
restaurant_12.png,#저녁,4,#dinner
restaurant_12.png,#맛있다,4,#delicious
restaurant_12.png,#가족,3,#family
restaurant_13.png,#의왕맛집,5,#Uiwang_food
restaurant_13.png,#백운호수맛집,5,#Baekun_lake_food
restaurant_13.png,#애견동반식당,5,#pet_friendly_restaurant
restaurant_13.png,#의왕반려동물동반,5,#Uiwang_pet_friendly
restaurant_13.png,#데이트맛집,4,#date_restaurant
restaurant_13.png,#의왕데이트,4,#Uiwang_date
restaurant_13.png,#의왕데이트맛집,4,#Uiwang_date_restaurant
restaurant_13.png,#백운호수데이트맛집,4,#Baekun_lake_date_restaurant
restaurant_13.png,#의왕레스토랑,5,#Uiwang_restaurant
restaurant_13.png,#백운호수양식,4,#Baekun_lake_western_food
restaurant_13.png,#백운호수레스토랑,5,#Baekun_lake_restaurant
restaurant_13.png,#의왕양식,4,#Uiwang_western_food
restaurant_13.png,#의왕파스타,5,#Uiwang_pasta
restaurant_13.png,#의왕파스타맛집,5,#Uiwang_pasta_restaurant
restaurant_13.png,#백운호수파스타,5,#Baekun_lake_pasta
restaurant_13.png,#백운호수피자,5,#Baekun_lake_pizza
restaurant_13.png,#의왕피자맛집,5,#Uiwang_pizza_restaurant
restaurant_13.png,#의왕애견동반,5,#Uiwang_dog_friendly
restaurant_13.png,#백운호수애견동반,5,#Baekun_lake_pet_friendly
restaurant_13.png,#먹팔,3,#food_follow
restaurant_13.png,#먹스타그램,4,#food_gram
restaurant_13.png,#맛집,5,#restaurant
restaurant_13.png,#먹방,3,#mukbang
restaurant_13.png,#맞팔먹팔,2,#follow_back_foodie
restaurant_13.png,#맛집투어,4,#restaurant_tour
restaurant_13.png,#맛스타그램,4,#food_stagram
restaurant_13.png,#맛집스타그램,4,#food_spot_stagram
restaurant_13.png,#먹팔환영,2,#food_follow_welcome
restaurant_14.png,#해방촌,5,#Haebangchon
restaurant_14.png,#신흥시장,5,#emerging_market
restaurant_14.png,#서울카페,4,#Seoul_cafe
restaurant_14.png,#트렌디한,4,#trendy
restaurant_14.png,#주말나들이,3,#weekend_outing
restaurant_15.png,#kyh422부부밥상,5,#kyh422_couple_meal
restaurant_15.png,#집밥❤️,5,jibbab
restaurant_15.png,#생일밥상,5,#birthday_meal
restaurant_15.png,#요리영상,4,#cooking_video
restaurant_15.png,#한식,5,#Korean_cuisine
restaurant_16.png,#제주도민,3,#Jeju_resident
restaurant_16.png,#제주살이,3,#Jeju_living
restaurant_16.png,#평일,4,#weekday
restaurant_16.png,#집김밥,5,#homemade_kimbap
restaurant_16.png,#물외냉국,5,#cucumber_cold_soup
restaurant_16.png,#소금베이글,1,#salt_bagel
restaurant_16.png,#단팥빵,1,#red_bean_bread
restaurant_16.png,#그로미제과,1,#Gromi_bakery
restaurant_16.png,#맛집,4,#restaurant
restaurant_16.png,#맛있다,5,#delicious
restaurant_17.png,성신식당,5,Sungshin_restaurant
restaurant_17.png,갈치조림,5,braised_hairtail
restaurant_17.png,제주맛집,4,Jeju_restaurant
restaurant_17.png,갈치조림맛집,5,braised_hairtail_restaurant
restaurant_17.png,갈치맛집,5,hairtail_restaurant
restaurant_17.png,제주갈치조림맛집,5,Jeju_hairtail_restaurant
restaurant_17.png,모슬포맛집,4,Moseulpo_restaurant
restaurant_17.png,제주도맛집,4,Jeju_island_restaurant
restaurant_17.png,제주도여행맛집,3,Jeju_travel_food
restaurant_17.png,맛집그램,4,food_gram
restaurant_17.png,맛집,4,restaurant
restaurant_17.png,맛집투어,3,restaurant_tour
restaurant_17.png,먹스타그램,4,food_stagram
restaurant_17.png,맞팔,1,follow_back
restaurant_17.png,먹팔,1,food_follow
restaurant_17.png,goznukfood,3,goznukfood
restaurant_17.png,고즈넉푸드,3,serene_food
restaurant_17.png,goznuk제주,3,goznuk_Jeju
restaurant_17.png,고즈넉제주,3,serene_Jeju
restaurant_17.png,고즈넉모슬포,3,serene_Moseulpo
restaurant_17.png,고즈넉별다섯개,3,serene_five_stars
restaurant_18.png,이슈,4,issue
restaurant_18.png,화제,4,hot_topic
restaurant_18.png,유머,2,humor
restaurant_18.png,뉴스,5,news
restaurant_18.png,웃긴짤,1,funny_meme
restaurant_18.png,릴스,3,reels
restaurant_18.png,근황,2,recent_update
restaurant_18.png,10대,2,teens
restaurant_18.png,20대,2,twenties
restaurant_18.png,30대,2,thirties
restaurant_18.png,백수,1,unemployed
restaurant_18.png,알바,1,part_time_job
restaurant_18.png,직장인,2,office_worker
restaurant_18.png,대학생,2,college_student
restaurant_18.png,학생,2,student
restaurant_18.png,취미,2,hobby
restaurant_18.png,공유,3,sharing
restaurant_18.png,맞팔,1,follow_back
restaurant_18.png,팔로우,1,follow
restaurant_18.png,인스타,3,Instagram
restaurant_18.png,재미,2,fun
restaurant_18.png,일상,2,daily_life
restaurant_18.png,미쉐린,5,Michelin
restaurant_18.png,미슐랭,5,Michelin
restaurant_18.png,맛집,4,restaurant
restaurant_18.png,식당,4,restaurant
restaurant_19.png,#공무원,5,#civil_servant
restaurant_19.png,#극한직업,4,#extreme_job
restaurant_19.png,#짜증,4,#irritation
restaurant_19.png,#일상,3,#daily_life
restaurant_19.png,#유머,3,#humor
restaurant_20.png,아롱사태,5,arongsatae_beef
restaurant_20.png,스지,4,beef_tendon
restaurant_20.png,전골,5,hotpot
restaurant_20.png,맛집,3,restaurant
restaurant_20.png,먹방,3,mukbang
restaurant_20.png,mukbangshow,2,mukbangshow
restaurant_20.png,mukbangasmr,2,mukbangasmr
restaurant_20.png,mukbang,3,mukbang
restaurant_20.png,eatingshow,2,eatingshow
restaurant_20.png,eatingsounds,2,eatingsounds
restaurant_20.png,eating,3,eating
restaurant_20.png,realsound,2,realsound
restaurant_20.png,asmrfood,2,asmrfood
restaurant_20.png,asmr,2,asmr
restaurant_20.png,koreanfood,5,koreanfood
restaurant_20.png,한식,5,Korean_cuisine
restaurant_20.png,집밥,4,home_cooked_meal
restaurant_20.png,맛집,3,restaurant
restaurant_20.png,푸드,4,food
restaurant_20.png,food,4,food
restaurant_20.png,수원맛집,3,Suwon_restaurant
restaurant_20.png,광교맛집,3,Gwanggyo_restaurant
restaurant_20.png,협찬,2,sponsored
restaurant_20.png,광고,2,advertisement
restaurant_20.png,창배먹방,3,Changbae_mukbang
restaurant_20.png,thxs,1,thxs
restaurant_21.png,#딸맘소통,4,#girl_mom_connect
restaurant_21.png,#성장기록,3,#growth_record
restaurant_21.png,#맘스타,4,#moms_star
restaurant_21.png,#줌스타그램,2,#Zoomstagram
restaurant_21.png,#신생아,1,#newborn
restaurant_21.png,#투자,4,#investment
restaurant_21.png,#딸바보맘,4,#daughter_crazy_mom
restaurant_21.png,#부업,5,#side_job
restaurant_21.png,#맛집,1,#restaurant
restaurant_21.png,#육아공유,4,#parenting_share
restaurant_21.png,#아들맘소통,2,#boy_mom_connect
restaurant_21.png,#이쁜아기,1,#cute_baby
restaurant_21.png,#육아템,2,#parenting_item
restaurant_21.png,#주부부업,5,#housewife_side_job
restaurant_21.png,#딸맘,4,#girl_mom
restaurant_21.png,#딸바보,4,#daughter_crazy
restaurant_21.png,#일상,3,#daily_life
restaurant_21.png,#주부재테크,5,#housewife_investment
restaurant_21.png,#모유수유,1,#breastfeeding
restaurant_21.png,#산모,1,#pregnant_mother
restaurant_21.png,#산모교실,1,#prenatal_class
restaurant_21.png,#생후,1,#postnatal
restaurant_21.png,#주부,4,#housewife
restaurant_21.png,#다둥이맘,2,#mom_of_many
restaurant_21.png,#쌍둥이육아,1,#twin_parenting
restaurant_21.png,#인증쑤정,5,#verification
restaurant_22.png,이모카세,5,omakase_style
restaurant_22.png,백종원,4,Baek_Jongwon
restaurant_22.png,흑백요리사,5,black_and_white_chef
restaurant_22.png,요리,5,cooking
restaurant_22.png,먹방,4,mukbang
restaurant_22.png,맛집,4,restaurant
restaurant_23.png,#만두전골,4,#dumpling_hotpot
restaurant_23.png,#먹방,3,#mukbang
restaurant_23.png,#mukbang,3,#mukbang
restaurant_23.png,#mukbangshow,2,#mukbangshow
restaurant_23.png,#mukbangasmr,2,#mukbangasmr
restaurant_23.png,#eatingshow,2,#eatingshow
restaurant_23.png,#realsound,1,#realsound
restaurant_23.png,#asmrfood,1,#asmrfood
restaurant_23.png,#asmr,1,#asmr
restaurant_23.png,#한식,4,#Korean_cuisine
restaurant_23.png,#집밥,4,#home_cooked_meal
restaurant_23.png,#배추김치,2,#cabbage_kimchi
restaurant_23.png,#맛집,2,#restaurant
restaurant_23.png,#협찬,1,#sponsored
restaurant_23.png,#광고,1,#advertisement
restaurant_23.png,#창배먹방,2,#Changbae_mukbang
restaurant_23.png,#thxs,1,#thxs
